2025-12-23 16:27:41 connect database(idc/idcpwd@snorcl11g_5) ok.
2025-12-23 16:27:41 stmtupt.execute() failed.
       update T_ZHOBTCODE set cityname=:1,provname=:2,lat=:3*100,lon=:4*100,height=:5*10,upttime=sysdate          where obtid=:6
ORA-00904: "UPTTIME": 标识符无效

2025-12-23 16:27:41 程序退出，sig=-1

2025-12-23 16:29:24 connect database(idc/idcpwd@snorcl11g_5) ok.
2025-12-23 16:29:25 总记录数=839，插入=0，更新=839，耗时=0.47秒。
2025-12-23 16:33:22 connect database(idc/idcpwd@snorcl11g_5) ok.
2025-12-23 16:33:22 总记录数=839，插入=839，更新=0，耗时=0.16秒。
2025-12-23 16:34:00 connect database(idc/idcpwd@snorcl11g_5) ok.
2025-12-23 16:34:01 总记录数=839，插入=0，更新=839，耗时=0.49秒。
2025-12-23 16:34:08 connect database(idc/idcpwd@snorcl11g_5) ok.
2025-12-23 16:34:08 总记录数=839，插入=0，更新=839，耗时=0.51秒。
2025-12-23 16:34:19 connect database(idc/idcpwd@snorcl11g_5) ok.
2025-12-23 16:34:20 总记录数=839，插入=0，更新=839，耗时=0.46秒。
2025-12-23 16:43:11 connect database(idc/idcpwd@snorcl11g_5) ok.
2025-12-23 16:43:11 总记录数=839，插入=839，更新=0，耗时=0.15秒。
2025-12-23 16:43:44 connect database(idc/idcpwd@snorcl11g_5) ok.
2025-12-23 16:43:45 总记录数=839，插入=839，更新=0，耗时=0.16秒。
2025-12-23 16:46:21 connect database(idc/idcpwd@snorcl11g_5) ok.
2025-12-23 16:46:21 provname=安徽,obtid=58015,cityname=砀山,lat=34.27,lon=116.2,height=44.2
2025-12-23 16:46:21 provname=安徽,obtid=58102,cityname=亳州,lat=33.47,lon=115.44,height=39.1
2025-12-23 16:46:21 provname=安徽,obtid=58118,cityname=蒙城,lat=33.16,lon=116.31,height=10.3
2025-12-23 16:46:21 provname=安徽,obtid=58122,cityname=宿州,lat=33.38,lon=116.59,height=25.9
2025-12-23 16:46:21 provname=安徽,obtid=58203,cityname=阜阳,lat=32.52,lon=115.44,height=32.7
2025-12-23 16:46:21 provname=安徽,obtid=58215,cityname=寿县,lat=32.26,lon=116.47,height=25.7
2025-12-23 16:46:21 provname=安徽,obtid=58221,cityname=蚌埠,lat=32.51,lon=117.18,height=26.8
2025-12-23 16:46:21 provname=安徽,obtid=58225,cityname=定远,lat=32.32,lon=117.4,height=69.6
2025-12-23 16:46:21 provname=安徽,obtid=58236,cityname=滁州,lat=32.21,lon=118.15,height=33.5
2025-12-23 16:46:21 provname=安徽,obtid=58311,cityname=六安,lat=31.44,lon=116.3,height=74.1
2025-12-23 16:46:21 provname=安徽,obtid=58314,cityname=霍山,lat=31.24,lon=116.19,height=86.4
2025-12-23 16:46:21 provname=安徽,obtid=58319,cityname=桐城,lat=31.04,lon=116.57,height=85.4
2025-12-23 16:46:21 provname=安徽,obtid=58321,cityname=合肥,lat=31.47,lon=117.18,height=27
2025-12-23 16:46:21 provname=安徽,obtid=58326,cityname=巢湖,lat=31.35,lon=117.5,height=30.9
2025-12-23 16:46:21 provname=安徽,obtid=58336,cityname=马鞍山,lat=31.42,lon=118.34,height=80
2025-12-23 16:46:21 provname=安徽,obtid=58338,cityname=芜湖县,lat=31.07,lon=118.36,height=40
2025-12-23 16:46:21 provname=安徽,obtid=58414,cityname=太湖,lat=30.26,lon=116.19,height=105.1
2025-12-23 16:46:21 provname=安徽,obtid=58419,cityname=东至,lat=30.06,lon=117.01,height=17.6
2025-12-23 16:46:21 provname=安徽,obtid=58424,cityname=安庆,lat=30.37,lon=116.58,height=62
2025-12-23 16:46:21 provname=安徽,obtid=58429,cityname=铜陵,lat=30.59,lon=117.51,height=11
2025-12-23 16:46:21 provname=安徽,obtid=58436,cityname=宁国,lat=30.37,lon=118.59,height=87.3
2025-12-23 16:46:21 provname=安徽,obtid=58437,cityname=黄山,lat=30.08,lon=118.09,height=1840.4
2025-12-23 16:46:21 provname=安徽,obtid=58520,cityname=祁门,lat=29.51,lon=117.43,height=142
2025-12-23 16:46:21 provname=安徽,obtid=58531,cityname=屯溪,lat=29.43,lon=118.17,height=142.7
2025-12-23 16:46:21 provname=北京,obtid=54406,cityname=延庆,lat=40.27,lon=115.58,height=487.9
2025-12-23 16:46:21 provname=北京,obtid=54416,cityname=密云,lat=40.23,lon=116.52,height=71.8
2025-12-23 16:46:21 provname=北京,obtid=54511,cityname=北京,lat=39.48,lon=116.28,height=31.3
2025-12-23 16:46:21 provname=福建,obtid=58725,cityname=邵武,lat=27.2,lon=117.28,height=218
2025-12-23 16:46:21 provname=福建,obtid=58730,cityname=武夷山,lat=27.46,lon=118.02,height=222.1
2025-12-23 16:46:21 provname=福建,obtid=58731,cityname=浦城,lat=27.55,lon=118.32,height=276.9
2025-12-23 16:46:21 provname=福建,obtid=58734,cityname=建阳,lat=27.2,lon=118.07,height=196.9
2025-12-23 16:46:21 provname=福建,obtid=58737,cityname=建瓯,lat=27.03,lon=118.19,height=154.9
2025-12-23 16:46:21 provname=福建,obtid=58744,cityname=寿宁,lat=27.27,lon=119.25,height=815.9
2025-12-23 16:46:21 provname=福建,obtid=58754,cityname=福鼎,lat=27.2,lon=120.12,height=36.2
2025-12-23 16:46:21 provname=福建,obtid=58818,cityname=宁化,lat=26.14,lon=116.38,height=358.9
2025-12-23 16:46:21 provname=福建,obtid=58820,cityname=泰宁,lat=26.54,lon=117.1,height=342.9
2025-12-23 16:46:21 provname=福建,obtid=58834,cityname=南平,lat=26.38,lon=118.1,height=152.2
2025-12-23 16:46:21 provname=福建,obtid=58837,cityname=尤溪,lat=26.09,lon=118.09,height=204.8
2025-12-23 16:46:21 provname=福建,obtid=58843,cityname=霞浦,lat=26.53,lon=120.01,height=56.8
2025-12-23 16:46:21 provname=福建,obtid=58846,cityname=宁德,lat=26.4,lon=119.31,height=32.4
2025-12-23 16:46:21 provname=福建,obtid=58847,cityname=福州,lat=26.05,lon=119.17,height=84
2025-12-23 16:46:21 provname=福建,obtid=58911,cityname=长汀,lat=25.51,lon=116.22,height=310
2025-12-23 16:46:21 provname=福建,obtid=58918,cityname=上杭,lat=25.03,lon=116.25,height=198
2025-12-23 16:46:21 provname=福建,obtid=58921,cityname=永安,lat=25.58,lon=117.21,height=206
2025-12-23 16:46:21 provname=福建,obtid=58926,cityname=漳平,lat=25.18,lon=117.25,height=205.3
2025-12-23 16:46:21 provname=福建,obtid=58927,cityname=龙岩,lat=25.03,lon=117.01,height=376
2025-12-23 16:46:21 provname=福建,obtid=58931,cityname=九仙山,lat=25.43,lon=118.06,height=1653.5
2025-12-23 16:46:21 provname=福建,obtid=58933,cityname=屏南,lat=26.55,lon=118.59,height=869.5
2025-12-23 16:46:21 provname=福建,obtid=58936,cityname=仙游,lat=25.22,lon=118.42,height=77.7
2025-12-23 16:46:21 provname=福建,obtid=58944,cityname=平潭,lat=25.31,lon=119.47,height=32.4
2025-12-23 16:46:21 provname=福建,obtid=59113,cityname=永定,lat=24.44,lon=116.43,height=226.9
2025-12-23 16:46:21 provname=福建,obtid=59126,cityname=漳州,lat=24.3,lon=117.39,height=28.9
2025-12-23 16:46:21 provname=福建,obtid=59133,cityname=崇武,lat=24.54,lon=118.55,height=21.8
2025-12-23 16:46:21 provname=福建,obtid=59134,cityname=厦门,lat=24.29,lon=118.04,height=139.4
2025-12-23 16:46:21 provname=福建,obtid=59321,cityname=东山,lat=23.47,lon=117.3,height=53.3
2025-12-23 16:46:21 provname=甘肃,obtid=52323,cityname=马鬃山,lat=41.48,lon=97.02,height=1770.4
2025-12-23 16:46:21 provname=甘肃,obtid=52418,cityname=敦煌,lat=40.09,lon=94.41,height=1139
2025-12-23 16:46:21 provname=甘肃,obtid=52424,cityname=瓜州,lat=40.32,lon=95.47,height=1170.9
2025-12-23 16:46:21 provname=甘肃,obtid=52436,cityname=玉门镇,lat=40.16,lon=97.02,height=1526
2025-12-23 16:46:21 provname=甘肃,obtid=52446,cityname=鼎新,lat=40.18,lon=99.31,height=1177.4
2025-12-23 16:46:21 provname=甘肃,obtid=52447,cityname=金塔,lat=40,lon=98.53,height=1270.5
2025-12-23 16:46:21 provname=甘肃,obtid=52533,cityname=酒泉,lat=39.46,lon=98.29,height=1477.2
2025-12-23 16:46:21 provname=甘肃,obtid=52546,cityname=高台,lat=39.22,lon=99.5,height=1332.2
2025-12-23 16:46:21 provname=甘肃,obtid=52652,cityname=张掖,lat=39.05,lon=100.17,height=1461.1
2025-12-23 16:46:21 provname=甘肃,obtid=52661,cityname=山丹,lat=38.48,lon=101.05,height=1765.5
2025-12-23 16:46:21 provname=甘肃,obtid=52674,cityname=永昌,lat=38.13,lon=101.56,height=2093.9
2025-12-23 16:46:21 provname=甘肃,obtid=52679,cityname=武威,lat=37.55,lon=102.4,height=1531.5
2025-12-23 16:46:21 provname=甘肃,obtid=52681,cityname=民勤,lat=38.38,lon=103.05,height=1367.5
2025-12-23 16:46:21 provname=甘肃,obtid=52787,cityname=乌鞘岭,lat=37.12,lon=102.52,height=3045.1
2025-12-23 16:46:21 provname=甘肃,obtid=52797,cityname=景泰,lat=37.11,lon=104.03,height=1630.9
2025-12-23 16:46:21 provname=甘肃,obtid=52884,cityname=皋兰,lat=36.21,lon=103.57,height=1668.5
2025-12-23 16:46:21 provname=甘肃,obtid=52895,cityname=靖远,lat=36.34,lon=104.41,height=1398.2
2025-12-23 16:46:21 provname=甘肃,obtid=52983,cityname=榆中,lat=35.52,lon=104.09,height=1874.4
2025-12-23 16:46:21 provname=甘肃,obtid=52984,cityname=临夏,lat=35.35,lon=103.11,height=1917.2
2025-12-23 16:46:21 provname=甘肃,obtid=52986,cityname=临洮,lat=35.22,lon=103.52,height=1893.8
2025-12-23 16:46:21 provname=甘肃,obtid=52996,cityname=华家岭,lat=35.23,lon=105.01,height=2450.6
2025-12-23 16:46:21 provname=甘肃,obtid=53821,cityname=环县,lat=36.34,lon=107.18,height=1255.6
2025-12-23 16:46:21 provname=甘肃,obtid=53915,cityname=崆峒,lat=35.33,lon=106.4,height=1346.6
2025-12-23 16:46:21 provname=甘肃,obtid=53923,cityname=西峰,lat=35.44,lon=107.38,height=1421
2025-12-23 16:46:21 provname=甘肃,obtid=56074,cityname=玛曲,lat=34,lon=102.05,height=3471.4
2025-12-23 16:46:21 provname=甘肃,obtid=56080,cityname=合作,lat=35,lon=102.54,height=2910
2025-12-23 16:46:21 provname=甘肃,obtid=56093,cityname=岷县,lat=34.26,lon=104.01,height=2315
2025-12-23 16:46:21 provname=甘肃,obtid=56096,cityname=武都,lat=33.24,lon=104.55,height=1079.1
2025-12-23 16:46:21 provname=甘肃,obtid=57014,cityname=麦积,lat=34.34,lon=105.52,height=1085.2
2025-12-23 16:46:21 provname=广东,obtid=57996,cityname=南雄,lat=25.05,lon=114.15,height=149.7
2025-12-23 16:46:21 provname=广东,obtid=59072,cityname=连州,lat=24.49,lon=112.22,height=131.7
2025-12-23 16:46:21 provname=广东,obtid=59082,cityname=韶关,lat=24.4,lon=113.36,height=121.3
2025-12-23 16:46:21 provname=广东,obtid=59087,cityname=佛冈,lat=23.53,lon=113.31,height=97.2
2025-12-23 16:46:21 provname=广东,obtid=59088,cityname=英德,lat=24.11,lon=113.25,height=74.4
2025-12-23 16:46:21 provname=广东,obtid=59096,cityname=连平,lat=24.22,lon=114.29,height=215.2
2025-12-23 16:46:21 provname=广东,obtid=59097,cityname=新丰,lat=24.03,lon=114.12,height=199.3
2025-12-23 16:46:21 provname=广东,obtid=59107,cityname=龙川,lat=24.07,lon=115.17,height=179.6
2025-12-23 16:46:21 provname=广东,obtid=59116,cityname=大埔,lat=24.21,lon=116.42,height=80.1
2025-12-23 16:46:21 provname=广东,obtid=59117,cityname=梅县,lat=24.17,lon=116.04,height=116
2025-12-23 16:46:21 provname=广东,obtid=59271,cityname=广宁,lat=23.38,lon=112.25,height=92.7
2025-12-23 16:46:21 provname=广东,obtid=59278,cityname=高要,lat=22.59,lon=112.29,height=60
2025-12-23 16:46:21 provname=广东,obtid=59280,cityname=清远,lat=23.43,lon=113.05,height=79.2
2025-12-23 16:46:21 provname=广东,obtid=59287,cityname=广州,lat=23.13,lon=113.29,height=70.7
2025-12-23 16:46:21 provname=广东,obtid=59289,cityname=东莞,lat=22.58,lon=113.44,height=56
2025-12-23 16:46:21 provname=广东,obtid=59293,cityname=河源,lat=23.48,lon=114.44,height=71.1
2025-12-23 16:46:21 provname=广东,obtid=59294,cityname=增城,lat=23.2,lon=113.5,height=30.8
2025-12-23 16:46:21 provname=广东,obtid=59298,cityname=惠阳,lat=23.04,lon=114.22,height=108.5
2025-12-23 16:46:21 provname=广东,obtid=59303,cityname=五华,lat=23.55,lon=115.45,height=135.9
2025-12-23 16:46:21 provname=广东,obtid=59304,cityname=紫金,lat=23.38,lon=115.11,height=176.6
2025-12-23 16:46:21 provname=广东,obtid=59306,cityname=揭西,lat=23.27,lon=115.51,height=80.9
2025-12-23 16:46:21 provname=广东,obtid=59310,cityname=丰顺,lat=23.46,lon=116.1,height=45.3
2025-12-23 16:46:21 provname=广东,obtid=59316,cityname=汕头,lat=23.23,lon=116.41,height=2.3
2025-12-23 16:46:21 provname=广东,obtid=59317,cityname=惠来,lat=22.59,lon=116.18,height=42
2025-12-23 16:46:21 provname=广东,obtid=59324,cityname=南澳,lat=23.26,lon=117.02,height=8
2025-12-23 16:46:21 provname=广东,obtid=59456,cityname=信宜,lat=22.21,lon=110.56,height=141.4
2025-12-23 16:46:21 provname=广东,obtid=59462,cityname=罗定,lat=22.43,lon=111.36,height=60
2025-12-23 16:46:21 provname=广东,obtid=59478,cityname=台山,lat=22.15,lon=112.47,height=33.1
2025-12-23 16:46:21 provname=广东,obtid=59485,cityname=中山,lat=22.31,lon=113.24,height=33.7
2025-12-23 16:46:21 provname=广东,obtid=59488,cityname=珠海,lat=22.17,lon=113.34,height=51.4
2025-12-23 16:46:21 provname=广东,obtid=59493,cityname=深圳,lat=22.33,lon=114,height=63
2025-12-23 16:46:21 provname=广东,obtid=59501,cityname=汕尾,lat=22.48,lon=115.22,height=17.3
2025-12-23 16:46:21 provname=广东,obtid=59658,cityname=湛江,lat=21.09,lon=110.18,height=53.4
2025-12-23 16:46:21 provname=广东,obtid=59663,cityname=阳江,lat=21.51,lon=111.59,height=90.3
2025-12-23 16:46:21 provname=广东,obtid=59664,cityname=电白,lat=21.33,lon=110.59,height=31.8
2025-12-23 16:46:21 provname=广东,obtid=59673,cityname=上川岛,lat=21.44,lon=112.46,height=21.9
2025-12-23 16:46:21 provname=广东,obtid=59754,cityname=徐闻,lat=20.2,lon=110.11,height=56.2
2025-12-23 16:46:21 provname=广西,obtid=57947,cityname=融安,lat=25.13,lon=109.24,height=121.3
2025-12-23 16:46:21 provname=广西,obtid=57957,cityname=桂林,lat=25.19,lon=110.18,height=164.4
2025-12-23 16:46:21 provname=广西,obtid=57958,cityname=雁山,lat=25.05,lon=110.19,height=151.3
2025-12-23 16:46:21 provname=广西,obtid=59021,cityname=凤山,lat=24.33,lon=107.02,height=509.4
2025-12-23 16:46:21 provname=广西,obtid=59023,cityname=河池,lat=24.42,lon=108.02,height=260.2
2025-12-23 16:46:21 provname=广西,obtid=59027,cityname=巴马,lat=24.08,lon=107.15,height=254.9
2025-12-23 16:46:21 provname=广西,obtid=59037,cityname=都安,lat=23.56,lon=108.06,height=170.8
2025-12-23 16:46:21 provname=广西,obtid=59046,cityname=柳州,lat=24.21,lon=109.24,height=96.8
2025-12-23 16:46:21 provname=广西,obtid=59058,cityname=蒙山,lat=24.12,lon=110.31,height=181.9
2025-12-23 16:46:21 provname=广西,obtid=59065,cityname=八步,lat=24.25,lon=111.3,height=148.7
2025-12-23 16:46:21 provname=广西,obtid=59209,cityname=那坡,lat=23.25,lon=105.5,height=794.1
2025-12-23 16:46:21 provname=广西,obtid=59211,cityname=百色,lat=23.54,lon=106.36,height=174.7
2025-12-23 16:46:21 provname=广西,obtid=59218,cityname=靖西,lat=23.08,lon=106.25,height=739.9
2025-12-23 16:46:21 provname=广西,obtid=59228,cityname=平果,lat=23.19,lon=107.35,height=108.8
2025-12-23 16:46:21 provname=广西,obtid=59242,cityname=来宾,lat=23.46,lon=109.09,height=96.7
2025-12-23 16:46:21 provname=广西,obtid=59254,cityname=桂平,lat=23.24,lon=110.05,height=42.5
2025-12-23 16:46:21 provname=广西,obtid=59265,cityname=梧州,lat=23.29,lon=111.18,height=114.8
2025-12-23 16:46:21 provname=广西,obtid=59417,cityname=龙州,lat=22.2,lon=106.51,height=130
2025-12-23 16:46:21 provname=广西,obtid=59431,cityname=南宁,lat=22.38,lon=108.13,height=121.6
2025-12-23 16:46:21 provname=广西,obtid=59446,cityname=灵山,lat=22.25,lon=109.18,height=66.6
2025-12-23 16:46:21 provname=广西,obtid=59453,cityname=玉林,lat=22.4,lon=110.07,height=121.6
2025-12-23 16:46:21 provname=广西,obtid=59626,cityname=东兴,lat=21.34,lon=107.57,height=56.8
2025-12-23 16:46:21 provname=广西,obtid=59631,cityname=防城,lat=21.47,lon=108.21,height=32.4
2025-12-23 16:46:21 provname=广西,obtid=59632,cityname=钦州,lat=21.59,lon=108.36,height=49.2
2025-12-23 16:46:21 provname=广西,obtid=59644,cityname=北海,lat=21.27,lon=109.08,height=12.8
2025-12-23 16:46:21 provname=广西,obtid=59647,cityname=涠洲岛,lat=21.02,lon=109.06,height=55.2
2025-12-23 16:46:21 provname=贵州,obtid=56691,cityname=威宁,lat=26.52,lon=104.17,height=2237.5
2025-12-23 16:46:21 provname=贵州,obtid=56693,cityname=水城,lat=26.35,lon=104.52,height=1815.9
2025-12-23 16:46:21 provname=贵州,obtid=56792,cityname=普安,lat=25.47,lon=104.58,height=1649.4
2025-12-23 16:46:21 provname=贵州,obtid=56793,cityname=盘县,lat=25.43,lon=104.28,height=1800
2025-12-23 16:46:21 provname=贵州,obtid=57606,cityname=桐梓,lat=28.08,lon=106.5,height=972
2025-12-23 16:46:21 provname=贵州,obtid=57614,cityname=习水,lat=28.2,lon=106.13,height=1180.2
2025-12-23 16:46:21 provname=贵州,obtid=57625,cityname=正安,lat=28.33,lon=107.27,height=679.7
2025-12-23 16:46:21 provname=贵州,obtid=57647,cityname=松桃,lat=28.09,lon=109.11,height=406.1
2025-12-23 16:46:21 provname=贵州,obtid=57707,cityname=毕节,lat=27.18,lon=105.17,height=1510.6
2025-12-23 16:46:21 provname=贵州,obtid=57710,cityname=仁怀,lat=27.48,lon=106.24,height=890.3
2025-12-23 16:46:21 provname=贵州,obtid=57712,cityname=汇川,lat=27.44,lon=106.57,height=983.5
2025-12-23 16:46:21 provname=贵州,obtid=57718,cityname=息烽,lat=27.06,lon=106.43,height=1112.1
2025-12-23 16:46:21 provname=贵州,obtid=57722,cityname=湄潭,lat=27.46,lon=107.28,height=792.2
2025-12-23 16:46:21 provname=贵州,obtid=57729,cityname=余庆,lat=27.14,lon=107.53,height=622.1
2025-12-23 16:46:21 provname=贵州,obtid=57731,cityname=思南,lat=27.57,lon=108.15,height=416.8
2025-12-23 16:46:21 provname=贵州,obtid=57741,cityname=铜仁,lat=27.43,lon=109.1,height=353.2
2025-12-23 16:46:21 provname=贵州,obtid=57803,cityname=黔西,lat=27.02,lon=106.01,height=1231.4
2025-12-23 16:46:21 provname=贵州,obtid=57805,cityname=织金,lat=26.41,lon=105.46,height=1319.3
2025-12-23 16:46:21 provname=贵州,obtid=57806,cityname=安顺,lat=26.15,lon=105.54,height=1431.1
2025-12-23 16:46:21 provname=贵州,obtid=57816,cityname=贵阳,lat=26.35,lon=106.44,height=1223.8
2025-12-23 16:46:21 provname=贵州,obtid=57825,cityname=凯里,lat=26.36,lon=107.59,height=720.3
2025-12-23 16:46:21 provname=贵州,obtid=57827,cityname=都匀,lat=26.19,lon=107.32,height=969.1
2025-12-23 16:46:21 provname=贵州,obtid=57832,cityname=三穗,lat=26.58,lon=108.4,height=626.9
2025-12-23 16:46:21 provname=贵州,obtid=57839,cityname=黎平,lat=26.14,lon=109.08,height=568.8
2025-12-23 16:46:21 provname=贵州,obtid=57840,cityname=天柱,lat=26.54,lon=109.12,height=401.4
2025-12-23 16:46:21 provname=贵州,obtid=57902,cityname=兴仁,lat=25.26,lon=105.11,height=1378.5
2025-12-23 16:46:21 provname=贵州,obtid=57906,cityname=望谟,lat=25.11,lon=106.05,height=566.8
2025-12-23 16:46:21 provname=贵州,obtid=57907,cityname=兴义,lat=25.05,lon=104.54,height=1299.6
2025-12-23 16:46:21 provname=贵州,obtid=57910,cityname=紫云,lat=25.46,lon=106.05,height=1197.6
2025-12-23 16:46:21 provname=贵州,obtid=57912,cityname=惠水,lat=26.08,lon=106.38,height=990.9
2025-12-23 16:46:21 provname=贵州,obtid=57916,cityname=罗甸,lat=25.26,lon=106.46,height=440.3
2025-12-23 16:46:21 provname=贵州,obtid=57922,cityname=独山,lat=25.5,lon=107.33,height=1013.3
2025-12-23 16:46:21 provname=贵州,obtid=57926,cityname=荔波,lat=25.25,lon=107.53,height=428.7
2025-12-23 16:46:21 provname=贵州,obtid=57932,cityname=榕江,lat=25.56,lon=108.31,height=285.7
2025-12-23 16:46:21 provname=海南,obtid=59758,cityname=海口,lat=20,lon=110.15,height=63.5
2025-12-23 16:46:21 provname=海南,obtid=59838,cityname=东方,lat=19.06,lon=108.37,height=7.6
2025-12-23 16:46:21 provname=海南,obtid=59845,cityname=儋州,lat=19.31,lon=109.35,height=169
2025-12-23 16:46:21 provname=海南,obtid=59849,cityname=琼中,lat=19.02,lon=109.5,height=250.9
2025-12-23 16:46:21 provname=海南,obtid=59855,cityname=琼海,lat=19.14,lon=110.28,height=24
2025-12-23 16:46:21 provname=海南,obtid=59948,cityname=三亚,lat=18.13,lon=109.35,height=419.4
2025-12-23 16:46:21 provname=海南,obtid=59954,cityname=陵水,lat=18.33,lon=110.02,height=35.2
2025-12-23 16:46:21 provname=海南,obtid=59981,cityname=西沙,lat=16.5,lon=112.2,height=4.7
2025-12-23 16:46:21 provname=河北,obtid=53399,cityname=张北,lat=41.09,lon=114.42,height=1393.3
2025-12-23 16:46:21 provname=河北,obtid=53593,cityname=蔚县,lat=39.5,lon=114.34,height=909.5
2025-12-23 16:46:21 provname=河北,obtid=53698,cityname=石家庄,lat=38.04,lon=114.21,height=103.6
2025-12-23 16:46:21 provname=河北,obtid=53798,cityname=邢台,lat=37.11,lon=114.22,height=183
2025-12-23 16:46:21 provname=河北,obtid=54308,cityname=丰宁,lat=41.12,lon=116.38,height=735.1
2025-12-23 16:46:21 provname=河北,obtid=54311,cityname=围场,lat=41.58,lon=117.46,height=892.7
2025-12-23 16:46:21 provname=河北,obtid=54401,cityname=张家口,lat=40.46,lon=114.55,height=772.8
2025-12-23 16:46:21 provname=河北,obtid=54405,cityname=怀来,lat=40.25,lon=115.3,height=570.9
2025-12-23 16:46:21 provname=河北,obtid=54423,cityname=承德,lat=40.58,lon=117.55,height=422.3
2025-12-23 16:46:21 provname=河北,obtid=54429,cityname=遵化,lat=40.12,lon=117.57,height=54.9
2025-12-23 16:46:21 provname=河北,obtid=54436,cityname=青龙,lat=40.25,lon=118.57,height=254.3
2025-12-23 16:46:21 provname=河北,obtid=54449,cityname=秦皇岛,lat=39.51,lon=119.31,height=2.4
2025-12-23 16:46:21 provname=河北,obtid=54518,cityname=霸州,lat=39.1,lon=116.24,height=8.9
2025-12-23 16:46:21 provname=河北,obtid=54534,cityname=唐山,lat=39.39,lon=118.06,height=23.2
2025-12-23 16:46:21 provname=河北,obtid=54535,cityname=唐海,lat=39.17,lon=118.28,height=3.2
2025-12-23 16:46:21 provname=河北,obtid=54539,cityname=乐亭,lat=39.26,lon=118.53,height=8.5
2025-12-23 16:46:21 provname=河北,obtid=54602,cityname=保定,lat=38.44,lon=115.29,height=16.8
2025-12-23 16:46:21 provname=河北,obtid=54606,cityname=饶阳,lat=38.14,lon=115.44,height=17.9
2025-12-23 16:46:21 provname=河北,obtid=54618,cityname=泊头,lat=38.05,lon=116.33,height=13.2
2025-12-23 16:46:21 provname=河北,obtid=54624,cityname=黄骅,lat=38.24,lon=117.19,height=4.5
2025-12-23 16:46:21 provname=河北,obtid=54705,cityname=南宫,lat=37.22,lon=115.23,height=27.4
2025-12-23 16:46:21 provname=河南,obtid=53898,cityname=安阳,lat=36.03,lon=114.08,height=194.8
2025-12-23 16:46:21 provname=河南,obtid=53986,cityname=新乡,lat=35.19,lon=113.53,height=73.2
2025-12-23 16:46:21 provname=河南,obtid=57051,cityname=三门峡,lat=34.48,lon=111.12,height=409.9
2025-12-23 16:46:21 provname=河南,obtid=57067,cityname=卢氏,lat=34.05,lon=111.04,height=658.5
2025-12-23 16:46:21 provname=河南,obtid=57071,cityname=孟津,lat=34.49,lon=112.26,height=333.3
2025-12-23 16:46:21 provname=河南,obtid=57077,cityname=栾川,lat=33.47,lon=111.39,height=742.4
2025-12-23 16:46:21 provname=河南,obtid=57083,cityname=郑州,lat=34.43,lon=113.39,height=110.4
2025-12-23 16:46:21 provname=河南,obtid=57084,cityname=嵩山,lat=34.3,lon=113.03,height=1178.4
2025-12-23 16:46:21 provname=河南,obtid=57089,cityname=许昌,lat=34.04,lon=113.56,height=67.2
2025-12-23 16:46:21 provname=河南,obtid=57091,cityname=开封,lat=34.47,lon=114.18,height=73.7
2025-12-23 16:46:21 provname=河南,obtid=57156,cityname=西峡,lat=33.18,lon=111.3,height=250.3
2025-12-23 16:46:21 provname=河南,obtid=57178,cityname=南阳,lat=33.06,lon=112.29,height=180.6
2025-12-23 16:46:21 provname=河南,obtid=57181,cityname=宝丰,lat=33.53,lon=113.03,height=136.4
2025-12-23 16:46:21 provname=河南,obtid=57193,cityname=西华,lat=33.47,lon=114.31,height=52.6
2025-12-23 16:46:21 provname=河南,obtid=57285,cityname=桐柏,lat=32.23,lon=113.25,height=153
2025-12-23 16:46:21 provname=河南,obtid=57290,cityname=驻马店,lat=32.56,lon=113.55,height=106.2
2025-12-23 16:46:21 provname=河南,obtid=57297,cityname=信阳,lat=32.08,lon=114.03,height=114.5
2025-12-23 16:46:21 provname=河南,obtid=58005,cityname=商丘,lat=34.26,lon=115.32,height=50.8
2025-12-23 16:46:21 provname=河南,obtid=58111,cityname=永城,lat=33.58,lon=116.27,height=32.5
2025-12-23 16:46:21 provname=河南,obtid=58208,cityname=固始,lat=32.1,lon=115.37,height=42.9
2025-12-23 16:46:21 provname=黑龙江,obtid=50136,cityname=漠河,lat=52.58,lon=122.31,height=438.5
2025-12-23 16:46:21 provname=黑龙江,obtid=50246,cityname=塔河,lat=52.21,lon=124.43,height=361.9
2025-12-23 16:46:21 provname=黑龙江,obtid=50247,cityname=呼中,lat=52.02,lon=123.34,height=514.5
2025-12-23 16:46:21 provname=黑龙江,obtid=50349,cityname=新林,lat=51.4,lon=124.24,height=501.5
2025-12-23 16:46:21 provname=黑龙江,obtid=50353,cityname=呼玛,lat=51.44,lon=126.38,height=173.9
2025-12-23 16:46:21 provname=黑龙江,obtid=50442,cityname=加格达奇,lat=50.24,lon=124.07,height=371.7
2025-12-23 16:46:21 provname=黑龙江,obtid=50468,cityname=爱辉,lat=50.15,lon=127.27,height=166.4
2025-12-23 16:46:21 provname=黑龙江,obtid=50557,cityname=嫩江,lat=49.1,lon=125.14,height=242.2
2025-12-23 16:46:21 provname=黑龙江,obtid=50564,cityname=孙吴,lat=49.26,lon=127.21,height=234.5
2025-12-23 16:46:21 provname=黑龙江,obtid=50656,cityname=北安,lat=48.15,lon=126.3,height=278.4
2025-12-23 16:46:21 provname=黑龙江,obtid=50658,cityname=克山,lat=48.03,lon=125.53,height=236
2025-12-23 16:46:21 provname=黑龙江,obtid=50674,cityname=乌伊岭,lat=48.34,lon=129.26,height=404.5
2025-12-23 16:46:21 provname=黑龙江,obtid=50739,cityname=龙江,lat=47.18,lon=123.15,height=209.3
2025-12-23 16:46:21 provname=黑龙江,obtid=50742,cityname=富裕,lat=47.48,lon=124.29,height=162.7
2025-12-23 16:46:21 provname=黑龙江,obtid=50745,cityname=齐齐哈尔,lat=47.23,lon=123.55,height=147.1
2025-12-23 16:46:21 provname=黑龙江,obtid=50756,cityname=海伦,lat=47.27,lon=126.52,height=247.3
2025-12-23 16:46:21 provname=黑龙江,obtid=50758,cityname=明水,lat=47.11,lon=125.54,height=246
2025-12-23 16:46:21 provname=黑龙江,obtid=50774,cityname=伊春,lat=47.42,lon=128.5,height=264.8
2025-12-23 16:46:21 provname=黑龙江,obtid=50778,cityname=同江,lat=47.4,lon=132.32,height=57.5
2025-12-23 16:46:21 provname=黑龙江,obtid=50788,cityname=富锦,lat=47.14,lon=131.59,height=66.4
2025-12-23 16:46:21 provname=黑龙江,obtid=50844,cityname=泰来,lat=46.24,lon=123.27,height=138.8
2025-12-23 16:46:21 provname=黑龙江,obtid=50853,cityname=北林,lat=46.37,lon=126.58,height=179.6
2025-12-23 16:46:21 provname=黑龙江,obtid=50854,cityname=安达,lat=46.23,lon=125.19,height=149.3
2025-12-23 16:46:21 provname=黑龙江,obtid=50862,cityname=铁力,lat=46.59,lon=127.59,height=206
2025-12-23 16:46:21 provname=黑龙江,obtid=50873,cityname=佳木斯,lat=46.47,lon=130.18,height=82
2025-12-23 16:46:21 provname=黑龙江,obtid=50877,cityname=依兰,lat=46.18,lon=129.35,height=100.1
2025-12-23 16:46:21 provname=黑龙江,obtid=50888,cityname=宝清,lat=46.23,lon=132.1,height=79.6
2025-12-23 16:46:21 provname=黑龙江,obtid=50950,cityname=肇州,lat=45.42,lon=125.15,height=148.7
2025-12-23 16:46:21 provname=黑龙江,obtid=50953,cityname=哈尔滨,lat=45.56,lon=126.34,height=118.3
2025-12-23 16:46:21 provname=黑龙江,obtid=50955,cityname=双城,lat=45.24,lon=126.19,height=168.3
2025-12-23 16:46:21 provname=黑龙江,obtid=50963,cityname=通河,lat=45.58,lon=128.44,height=108.6
2025-12-23 16:46:21 provname=黑龙江,obtid=50968,cityname=尚志,lat=45.13,lon=127.58,height=189.7
2025-12-23 16:46:21 provname=黑龙江,obtid=50973,cityname=勃利,lat=45.45,lon=130.36,height=234.4
2025-12-23 16:46:21 provname=黑龙江,obtid=50978,cityname=鸡西,lat=45.18,lon=130.55,height=272.5
2025-12-23 16:46:21 provname=黑龙江,obtid=50983,cityname=虎林,lat=45.46,lon=132.58,height=100.2
2025-12-23 16:46:21 provname=黑龙江,obtid=54094,cityname=牡丹江,lat=44.3,lon=129.4,height=305.7
2025-12-23 16:46:21 provname=黑龙江,obtid=54096,cityname=绥芬河,lat=44.23,lon=131.1,height=567.8
2025-12-23 16:46:21 provname=湖北,obtid=57251,cityname=郧西,lat=33,lon=110.24,height=317.3
2025-12-23 16:46:21 provname=湖北,obtid=57256,cityname=十堰,lat=32.39,lon=110.47,height=286.5
2025-12-23 16:46:21 provname=湖北,obtid=57259,cityname=房县,lat=32.02,lon=110.46,height=426.9
2025-12-23 16:46:21 provname=湖北,obtid=57265,cityname=老河口,lat=32.26,lon=111.44,height=132.1
2025-12-23 16:46:21 provname=湖北,obtid=57278,cityname=襄樊,lat=32,lon=112.05,height=163.4
2025-12-23 16:46:21 provname=湖北,obtid=57279,cityname=枣阳,lat=32.09,lon=112.45,height=125.5
2025-12-23 16:46:21 provname=湖北,obtid=57355,cityname=巴东,lat=31.02,lon=110.22,height=334
2025-12-23 16:46:21 provname=湖北,obtid=57358,cityname=秭归,lat=30.5,lon=110.58,height=295.5
2025-12-23 16:46:21 provname=湖北,obtid=57359,cityname=兴山,lat=31.21,lon=110.44,height=336.8
2025-12-23 16:46:21 provname=湖北,obtid=57363,cityname=南漳,lat=31.48,lon=111.5,height=151
2025-12-23 16:46:21 provname=湖北,obtid=57378,cityname=钟祥,lat=31.11,lon=112.37,height=108
2025-12-23 16:46:21 provname=湖北,obtid=57381,cityname=随州,lat=31.37,lon=113.2,height=116.3
2025-12-23 16:46:21 provname=湖北,obtid=57395,cityname=大悟,lat=31.34,lon=114.07,height=74.9
2025-12-23 16:46:21 provname=湖北,obtid=57399,cityname=麻城,lat=31.08,lon=114.57,height=74.3
2025-12-23 16:46:21 provname=湖北,obtid=57439,cityname=利川,lat=30.17,lon=108.56,height=1074.1
2025-12-23 16:46:21 provname=湖北,obtid=57445,cityname=建始,lat=30.36,lon=109.43,height=609.2
2025-12-23 16:46:21 provname=湖北,obtid=57447,cityname=恩施,lat=30.17,lon=109.28,height=457.1
2025-12-23 16:46:21 provname=湖北,obtid=57458,cityname=五峰,lat=30.12,lon=110.4,height=619.9
2025-12-23 16:46:21 provname=湖北,obtid=57461,cityname=宜昌,lat=30.44,lon=111.22,height=256.5
2025-12-23 16:46:21 provname=湖北,obtid=57476,cityname=荆州,lat=30.21,lon=112.09,height=31.8
2025-12-23 16:46:21 provname=湖北,obtid=57482,cityname=孝感,lat=30.54,lon=113.57,height=25.5
2025-12-23 16:46:21 provname=湖北,obtid=57483,cityname=天门,lat=30.4,lon=113.08,height=31.9
2025-12-23 16:46:21 provname=湖北,obtid=57493,cityname=江夏,lat=30.21,lon=114.2,height=73.5
2025-12-23 16:46:21 provname=湖北,obtid=57494,cityname=武汉,lat=30.36,lon=114.03,height=23.6
2025-12-23 16:46:21 provname=湖北,obtid=57545,cityname=来凤,lat=29.32,lon=109.25,height=502.8
2025-12-23 16:46:21 provname=湖北,obtid=57573,cityname=监利,lat=29.5,lon=112.54,height=30
2025-12-23 16:46:21 provname=湖北,obtid=57581,cityname=洪湖,lat=29.49,lon=113.27,height=27.4
2025-12-23 16:46:21 provname=湖北,obtid=57583,cityname=嘉鱼,lat=29.55,lon=113.58,height=61.7
2025-12-23 16:46:21 provname=湖北,obtid=57595,cityname=通山,lat=29.36,lon=114.3,height=76.1
2025-12-23 16:46:21 provname=湖北,obtid=58402,cityname=英山,lat=30.44,lon=115.4,height=123.8
2025-12-23 16:46:21 provname=湖北,obtid=58407,cityname=黄石,lat=30.14,lon=115.02,height=32.2
2025-12-23 16:46:21 provname=湖北,obtid=58500,cityname=阳新,lat=29.54,lon=115.13,height=57
2025-12-23 16:46:21 provname=湖南,obtid=57554,cityname=桑植,lat=29.24,lon=110.1,height=322.2
2025-12-23 16:46:21 provname=湖南,obtid=57562,cityname=石门,lat=29.35,lon=111.22,height=116.9
2025-12-23 16:46:21 provname=湖南,obtid=57574,cityname=南县,lat=29.22,lon=112.24,height=36
2025-12-23 16:46:21 provname=湖南,obtid=57584,cityname=岳阳,lat=29.23,lon=113.05,height=53
2025-12-23 16:46:21 provname=湖南,obtid=57642,cityname=保靖,lat=28.42,lon=109.39,height=325.3
2025-12-23 16:46:21 provname=湖南,obtid=57649,cityname=吉首,lat=28.14,lon=109.41,height=254.6
2025-12-23 16:46:21 provname=湖南,obtid=57655,cityname=沅陵,lat=28.28,lon=110.24,height=151.6
2025-12-23 16:46:21 provname=湖南,obtid=57662,cityname=常德,lat=29.07,lon=111.41,height=150.6
2025-12-23 16:46:21 provname=湖南,obtid=57669,cityname=安化,lat=28.23,lon=111.13,height=128.3
2025-12-23 16:46:21 provname=湖南,obtid=57671,cityname=沅江,lat=28.51,lon=112.22,height=37
2025-12-23 16:46:21 provname=湖南,obtid=57673,cityname=湘阴,lat=28.41,lon=112.53,height=53.2
2025-12-23 16:46:21 provname=湖南,obtid=57679,cityname=马坡岭,lat=28.12,lon=113.11,height=101.4
2025-12-23 16:46:21 provname=湖南,obtid=57682,cityname=平江,lat=28.43,lon=113.34,height=106.3
2025-12-23 16:46:21 provname=湖南,obtid=57687,cityname=长沙,lat=28.06,lon=112.47,height=119
2025-12-23 16:46:21 provname=湖南,obtid=57745,cityname=芷江,lat=27.27,lon=109.41,height=272.2
2025-12-23 16:46:21 provname=湖南,obtid=57749,cityname=怀化,lat=27.34,lon=110,height=257.8
2025-12-23 16:46:21 provname=湖南,obtid=57752,cityname=溆浦,lat=27.55,lon=110.36,height=204
2025-12-23 16:46:21 provname=湖南,obtid=57758,cityname=洞口,lat=27.02,lon=110.36,height=339.5
2025-12-23 16:46:21 provname=湖南,obtid=57761,cityname=新化,lat=27.45,lon=111.18,height=211.9
2025-12-23 16:46:21 provname=湖南,obtid=57766,cityname=邵阳市,lat=27.11,lon=111.27,height=311
2025-12-23 16:46:21 provname=湖南,obtid=57774,cityname=双峰,lat=27.27,lon=112.1,height=100
2025-12-23 16:46:21 provname=湖南,obtid=57776,cityname=南岳,lat=27.18,lon=112.42,height=1265.9
2025-12-23 16:46:21 provname=湖南,obtid=57779,cityname=攸县,lat=27,lon=113.21,height=102.5
2025-12-23 16:46:21 provname=湖南,obtid=57780,cityname=株洲,lat=27.52,lon=113.1,height=74.6
2025-12-23 16:46:21 provname=湖南,obtid=57841,cityname=靖州,lat=26.34,lon=109.4,height=320.3
2025-12-23 16:46:21 provname=湖南,obtid=57845,cityname=通道,lat=26.1,lon=109.47,height=397.5
2025-12-23 16:46:21 provname=湖南,obtid=57853,cityname=武冈,lat=26.44,lon=110.38,height=341
2025-12-23 16:46:21 provname=湖南,obtid=57857,cityname=城步,lat=26.22,lon=110.19,height=477.7
2025-12-23 16:46:21 provname=湖南,obtid=57860,cityname=邵阳县,lat=27,lon=111.17,height=283.3
2025-12-23 16:46:21 provname=湖南,obtid=57866,cityname=永州,lat=26.14,lon=111.37,height=172.6
2025-12-23 16:46:21 provname=湖南,obtid=57872,cityname=衡阳市,lat=26.53,lon=112.36,height=104.9
2025-12-23 16:46:21 provname=湖南,obtid=57874,cityname=常宁,lat=26.25,lon=112.24,height=116.6
2025-12-23 16:46:21 provname=湖南,obtid=57889,cityname=桂东,lat=26.05,lon=113.57,height=835.9
2025-12-23 16:46:21 provname=湖南,obtid=57965,cityname=道县,lat=25.32,lon=111.36,height=192.2
2025-12-23 16:46:21 provname=湖南,obtid=57972,cityname=郴州,lat=25.44,lon=112.58,height=368.8
2025-12-23 16:46:21 provname=湖南,obtid=57974,cityname=嘉禾,lat=25.35,lon=112.22,height=214.5
2025-12-23 16:46:21 provname=吉林,obtid=50936,cityname=白城,lat=45.38,lon=122.5,height=155.3
2025-12-23 16:46:21 provname=吉林,obtid=50945,cityname=大安,lat=45.3,lon=124.14,height=138.1
2025-12-23 16:46:21 provname=吉林,obtid=50948,cityname=乾安,lat=45,lon=124.01,height=146.3
2025-12-23 16:46:21 provname=吉林,obtid=50949,cityname=前郭,lat=45.05,lon=124.52,height=136.2
2025-12-23 16:46:21 provname=吉林,obtid=54041,cityname=通榆,lat=44.48,lon=123.04,height=150
2025-12-23 16:46:21 provname=吉林,obtid=54049,cityname=长岭,lat=44.15,lon=123.58,height=188.9
2025-12-23 16:46:21 provname=吉林,obtid=54063,cityname=扶余,lat=44.58,lon=126,height=196.8
2025-12-23 16:46:21 provname=吉林,obtid=54064,cityname=农安,lat=44.23,lon=125.09,height=170.2
2025-12-23 16:46:21 provname=吉林,obtid=54142,cityname=双辽,lat=43.3,lon=123.32,height=114.9
2025-12-23 16:46:21 provname=吉林,obtid=54157,cityname=四平,lat=43.07,lon=124.23,height=179.5
2025-12-23 16:46:21 provname=吉林,obtid=54161,cityname=长春,lat=43.54,lon=125.13,height=236.8
2025-12-23 16:46:21 provname=吉林,obtid=54165,cityname=双阳,lat=43.33,lon=125.38,height=219.5
2025-12-23 16:46:21 provname=吉林,obtid=54171,cityname=永吉,lat=43.42,lon=126.31,height=229.5
2025-12-23 16:46:21 provname=吉林,obtid=54181,cityname=蛟河,lat=43.42,lon=127.2,height=295
2025-12-23 16:46:21 provname=吉林,obtid=54186,cityname=敦化,lat=43.22,lon=128.12,height=524.9
2025-12-23 16:46:21 provname=吉林,obtid=54195,cityname=汪清,lat=43.18,lon=129.47,height=244.8
2025-12-23 16:46:21 provname=吉林,obtid=54260,cityname=辽源,lat=42.55,lon=125.05,height=252.9
2025-12-23 16:46:21 provname=吉林,obtid=54263,cityname=磐石,lat=42.58,lon=126.05,height=351.2
2025-12-23 16:46:21 provname=吉林,obtid=54266,cityname=梅河口,lat=42.32,lon=125.38,height=340.5
2025-12-23 16:46:21 provname=吉林,obtid=54273,cityname=桦甸,lat=42.59,lon=126.45,height=263.3
2025-12-23 16:46:21 provname=吉林,obtid=54276,cityname=靖宇,lat=42.24,lon=126.48,height=570
2025-12-23 16:46:21 provname=吉林,obtid=54284,cityname=东岗,lat=42.09,lon=127.3,height=774.2
2025-12-23 16:46:21 provname=吉林,obtid=54285,cityname=二道,lat=42.25,lon=128.07,height=721.4
2025-12-23 16:46:21 provname=吉林,obtid=54286,cityname=和龙?,lat=42.32,lon=129,height=475.6
2025-12-23 16:46:21 provname=吉林,obtid=54292,cityname=延吉,lat=42.52,lon=129.3,height=257.3
2025-12-23 16:46:21 provname=吉林,obtid=54363,cityname=通化?,lat=41.41,lon=125.54,height=402.9
2025-12-23 16:46:21 provname=吉林,obtid=54374,cityname=临江,lat=41.48,lon=126.53,height=379.7
2025-12-23 16:46:21 provname=吉林,obtid=54377,cityname=集安,lat=41.09,lon=126.13,height=225.1
2025-12-23 16:46:21 provname=吉林,obtid=54386,cityname=长白,lat=41.25,lon=128.11,height=775
2025-12-23 16:46:21 provname=江苏,obtid=58026,cityname=邳州,lat=34.24,lon=118.01,height=25.7
2025-12-23 16:46:21 provname=江苏,obtid=58027,cityname=徐州,lat=34.17,lon=117.09,height=41.2
2025-12-23 16:46:21 provname=江苏,obtid=58038,cityname=沭阳,lat=34.05,lon=118.47,height=10.4
2025-12-23 16:46:21 provname=江苏,obtid=58040,cityname=赣榆,lat=34.51,lon=119.08,height=5.3
2025-12-23 16:46:21 provname=江苏,obtid=58047,cityname=灌云,lat=34.15,lon=119.14,height=4.8
2025-12-23 16:46:21 provname=江苏,obtid=58130,cityname=睢宁,lat=33.56,lon=117.57,height=23.8
2025-12-23 16:46:21 provname=江苏,obtid=58135,cityname=泗洪,lat=33.29,lon=118.13,height=16.9
2025-12-23 16:46:21 provname=江苏,obtid=58138,cityname=盱眙,lat=32.59,lon=118.31,height=40.8
2025-12-23 16:46:21 provname=江苏,obtid=58141,cityname=淮安,lat=33.38,lon=118.56,height=12.5
2025-12-23 16:46:21 provname=江苏,obtid=58143,cityname=阜宁,lat=33.48,lon=119.51,height=4.8
2025-12-23 16:46:21 provname=江苏,obtid=58150,cityname=射阳,lat=33.45,lon=120.18,height=1.8
2025-12-23 16:46:21 provname=江苏,obtid=58158,cityname=大丰,lat=33.1,lon=120.27,height=3.1
2025-12-23 16:46:21 provname=江苏,obtid=58238,cityname=南京,lat=31.56,lon=118.54,height=35.2
2025-12-23 16:46:21 provname=江苏,obtid=58241,cityname=高邮,lat=32.48,lon=119.27,height=5.4
2025-12-23 16:46:21 provname=江苏,obtid=58251,cityname=东台,lat=32.51,lon=120.17,height=3.3
2025-12-23 16:46:21 provname=江苏,obtid=58252,cityname=丹徒,lat=32.11,lon=119.28,height=27.3
2025-12-23 16:46:21 provname=江苏,obtid=58255,cityname=如皋,lat=32.22,lon=120.34,height=6.4
2025-12-23 16:46:21 provname=江苏,obtid=58259,cityname=南通,lat=32.05,lon=120.59,height=4.8
2025-12-23 16:46:21 provname=江苏,obtid=58265,cityname=吕泗,lat=32.04,lon=121.36,height=3.6
2025-12-23 16:46:21 provname=江苏,obtid=58343,cityname=常州,lat=31.52,lon=119.59,height=4.4
2025-12-23 16:46:21 provname=江苏,obtid=58345,cityname=溧阳,lat=31.26,lon=119.3,height=5.9
2025-12-23 16:46:21 provname=江苏,obtid=58354,cityname=无锡,lat=31.37,lon=120.21,height=3.2
2025-12-23 16:46:21 provname=江苏,obtid=58356,cityname=昆山,lat=31.24,lon=121,height=3.2
2025-12-23 16:46:21 provname=江苏,obtid=58358,cityname=东山,lat=31.04,lon=120.26,height=16.7
2025-12-23 16:46:21 provname=江西,obtid=57598,cityname=修水,lat=29.02,lon=114.35,height=146.8
2025-12-23 16:46:21 provname=江西,obtid=57696,cityname=宜丰,lat=28.24,lon=114.47,height=91.7
2025-12-23 16:46:21 provname=江西,obtid=57789,cityname=莲花,lat=27.08,lon=113.57,height=194.5
2025-12-23 16:46:21 provname=江西,obtid=57793,cityname=宜春,lat=27.48,lon=114.23,height=131.3
2025-12-23 16:46:21 provname=江西,obtid=57799,cityname=吉安县,lat=27.03,lon=114.55,height=71.2
2025-12-23 16:46:21 provname=江西,obtid=57894,cityname=井冈山,lat=26.35,lon=114.1,height=843
2025-12-23 16:46:21 provname=江西,obtid=57896,cityname=遂川,lat=26.2,lon=114.3,height=126.1
2025-12-23 16:46:21 provname=江西,obtid=57993,cityname=赣县,lat=25.52,lon=115,height=137.5
2025-12-23 16:46:21 provname=江西,obtid=58506,cityname=庐山,lat=29.34,lon=115.59,height=1164.5
2025-12-23 16:46:21 provname=江西,obtid=58507,cityname=武宁,lat=29.15,lon=115.07,height=116
2025-12-23 16:46:21 provname=江西,obtid=58519,cityname=波阳,lat=29,lon=116.41,height=40.1
2025-12-23 16:46:21 provname=江西,obtid=58527,cityname=景德镇,lat=29.18,lon=117.12,height=61.5
2025-12-23 16:46:21 provname=江西,obtid=58600,cityname=靖安,lat=28.52,lon=115.22,height=78.9
2025-12-23 16:46:21 provname=江西,obtid=58606,cityname=南昌,lat=28.36,lon=115.55,height=46.9
2025-12-23 16:46:21 provname=江西,obtid=58608,cityname=樟树,lat=28.04,lon=115.33,height=30.4
2025-12-23 16:46:21 provname=江西,obtid=58622,cityname=德兴,lat=28.57,lon=117.35,height=88.5
2025-12-23 16:46:21 provname=江西,obtid=58626,cityname=贵溪,lat=28.18,lon=117.14,height=60.8
2025-12-23 16:46:21 provname=江西,obtid=58634,cityname=玉山,lat=28.41,lon=118.15,height=116.3
2025-12-23 16:46:21 provname=江西,obtid=58637,cityname=上饶,lat=28.27,lon=117.59,height=118.2
2025-12-23 16:46:21 provname=江西,obtid=58705,cityname=永丰,lat=27.2,lon=115.25,height=85.7
2025-12-23 16:46:21 provname=江西,obtid=58715,cityname=南城,lat=27.35,lon=116.39,height=80.8
2025-12-23 16:46:21 provname=江西,obtid=58718,cityname=南丰,lat=27.13,lon=116.32,height=111.5
2025-12-23 16:46:21 provname=江西,obtid=58806,cityname=宁都,lat=26.29,lon=116.01,height=209.1
2025-12-23 16:46:21 provname=江西,obtid=58813,cityname=广昌,lat=26.51,lon=116.2,height=143.8
2025-12-23 16:46:21 provname=江西,obtid=59092,cityname=龙南,lat=24.52,lon=114.48,height=250.2
2025-12-23 16:46:21 provname=江西,obtid=59102,cityname=寻乌,lat=24.57,lon=115.39,height=303.9
2025-12-23 16:46:21 provname=辽宁,obtid=54236,cityname=彰武,lat=42.23,lon=122.33,height=79.4
2025-12-23 16:46:21 provname=辽宁,obtid=54237,cityname=阜新,lat=42.04,lon=121.45,height=167.8
2025-12-23 16:46:21 provname=辽宁,obtid=54243,cityname=昌图,lat=42.47,lon=124.06,height=165.1
2025-12-23 16:46:21 provname=辽宁,obtid=54254,cityname=开原,lat=42.32,lon=124.03,height=98.2
2025-12-23 16:46:21 provname=辽宁,obtid=54259,cityname=清原,lat=42.04,lon=124.52,height=224
2025-12-23 16:46:21 provname=辽宁,obtid=54324,cityname=朝阳,lat=41.33,lon=120.26,height=174.3
2025-12-23 16:46:21 provname=辽宁,obtid=54326,cityname=建平县,lat=41.25,lon=119.37,height=462.2
2025-12-23 16:46:21 provname=辽宁,obtid=54333,cityname=新民,lat=41.58,lon=122.51,height=30.9
2025-12-23 16:46:21 provname=辽宁,obtid=54334,cityname=义县,lat=41.31,lon=121.15,height=74.2
2025-12-23 16:46:21 provname=辽宁,obtid=54335,cityname=黑山,lat=41.41,lon=122.05,height=37.5
2025-12-23 16:46:21 provname=辽宁,obtid=54337,cityname=锦州,lat=41.08,lon=121.07,height=65.9
2025-12-23 16:46:21 provname=辽宁,obtid=54339,cityname=鞍山,lat=41.05,lon=123,height=77.3
2025-12-23 16:46:21 provname=辽宁,obtid=54342,cityname=沈阳,lat=41.44,lon=123.31,height=49
2025-12-23 16:46:21 provname=辽宁,obtid=54346,cityname=本溪,lat=41.18,lon=123.47,height=185.4
2025-12-23 16:46:21 provname=辽宁,obtid=54349,cityname=本溪县,lat=41.18,lon=124.08,height=258.9
2025-12-23 16:46:21 provname=辽宁,obtid=54351,cityname=抚顺,lat=41.55,lon=124.04,height=118.5
2025-12-23 16:46:21 provname=辽宁,obtid=54353,cityname=新宾,lat=41.44,lon=125.03,height=328.4
2025-12-23 16:46:21 provname=辽宁,obtid=54365,cityname=桓仁,lat=41.17,lon=125.21,height=245.5
2025-12-23 16:46:21 provname=辽宁,obtid=54452,cityname=建昌,lat=40.48,lon=119.48,height=367
2025-12-23 16:46:21 provname=辽宁,obtid=54454,cityname=绥中,lat=40.2,lon=120.18,height=29
2025-12-23 16:46:21 provname=辽宁,obtid=54455,cityname=兴城,lat=40.37,lon=120.39,height=20.5
2025-12-23 16:46:21 provname=辽宁,obtid=54470,cityname=大洼,lat=41.01,lon=122.03,height=5.5
2025-12-23 16:46:21 provname=辽宁,obtid=54471,cityname=营口,lat=40.4,lon=122.1,height=3.8
2025-12-23 16:46:21 provname=辽宁,obtid=54472,cityname=海城,lat=40.53,lon=122.45,height=25.3
2025-12-23 16:46:21 provname=辽宁,obtid=54476,cityname=熊岳,lat=40.11,lon=122.09,height=20.4
2025-12-23 16:46:21 provname=辽宁,obtid=54486,cityname=岫岩,lat=40.2,lon=123.17,height=97.7
2025-12-23 16:46:21 provname=辽宁,obtid=54493,cityname=宽甸,lat=40.43,lon=124.47,height=260.1
2025-12-23 16:46:21 provname=辽宁,obtid=54497,cityname=丹东,lat=40.02,lon=124.2,height=13.8
2025-12-23 16:46:21 provname=辽宁,obtid=54563,cityname=瓦房店,lat=39.38,lon=122.01,height=118.7
2025-12-23 16:46:21 provname=辽宁,obtid=54579,cityname=长海,lat=39.16,lon=122.35,height=35.5
2025-12-23 16:46:21 provname=辽宁,obtid=54584,cityname=庄河,lat=39.43,lon=122.57,height=34.8
2025-12-23 16:46:21 provname=辽宁,obtid=54660,cityname=旅顺,lat=38.49,lon=121.14,height=66.7
2025-12-23 16:46:21 provname=辽宁,obtid=54662,cityname=大连,lat=38.55,lon=121.38,height=91.5
2025-12-23 16:46:21 provname=内蒙古,obtid=50425,cityname=额尔古纳市,lat=50.15,lon=120.11,height=581.4
2025-12-23 16:46:21 provname=内蒙古,obtid=50434,cityname=图里河,lat=50.29,lon=121.41,height=732.6
2025-12-23 16:46:21 provname=内蒙古,obtid=50514,cityname=满洲里,lat=49.35,lon=117.19,height=661.8
2025-12-23 16:46:21 provname=内蒙古,obtid=50527,cityname=海拉尔,lat=49.15,lon=119.42,height=649.6
2025-12-23 16:46:21 provname=内蒙古,obtid=50548,cityname=小二沟,lat=49.12,lon=123.43,height=286.1
2025-12-23 16:46:21 provname=内蒙古,obtid=50603,cityname=新巴尔虎右旗,lat=48.41,lon=116.49,height=542.4
2025-12-23 16:46:21 provname=内蒙古,obtid=50618,cityname=新巴尔虎左旗,lat=48.13,lon=118.16,height=642
2025-12-23 16:46:21 provname=内蒙古,obtid=50632,cityname=博克图,lat=48.46,lon=121.55,height=739.7
2025-12-23 16:46:21 provname=内蒙古,obtid=50639,cityname=扎兰屯,lat=48,lon=122.44,height=306.5
2025-12-23 16:46:21 provname=内蒙古,obtid=50727,cityname=阿尔山,lat=47.1,lon=119.56,height=997.2
2025-12-23 16:46:21 provname=内蒙古,obtid=50834,cityname=索伦,lat=46.36,lon=121.13,height=499.7
2025-12-23 16:46:21 provname=内蒙古,obtid=50838,cityname=乌兰浩特,lat=46.05,lon=122.03,height=274.7
2025-12-23 16:46:21 provname=内蒙古,obtid=50915,cityname=东乌珠穆沁,lat=45.31,lon=116.58,height=838.9
2025-12-23 16:46:21 provname=内蒙古,obtid=50924,cityname=霍林郭勒,lat=45.33,lon=119.39,height=860
2025-12-23 16:46:21 provname=内蒙古,obtid=52267,cityname=额济纳旗,lat=41.57,lon=101.04,height=940.5
2025-12-23 16:46:21 provname=内蒙古,obtid=52495,cityname=巴彦诺尔公,lat=40.1,lon=104.48,height=1323.9
2025-12-23 16:46:21 provname=内蒙古,obtid=52576,cityname=阿右旗,lat=39.13,lon=101.41,height=1510.1
2025-12-23 16:46:21 provname=内蒙古,obtid=53068,cityname=二连浩特,lat=43.37,lon=111.56,height=963.1
2025-12-23 16:46:21 provname=内蒙古,obtid=53083,cityname=那仁宝力格,lat=44.37,lon=114.09,height=1181.6
2025-12-23 16:46:21 provname=内蒙古,obtid=53149,cityname=满都拉气象站,lat=42.32,lon=110.08,height=1225.2
2025-12-23 16:46:21 provname=内蒙古,obtid=53192,cityname=阿巴嘎旗,lat=44.01,lon=115,height=1147.7
2025-12-23 16:46:21 provname=内蒙古,obtid=53195,cityname=苏尼特左旗,lat=43.51,lon=113.38,height=1036.7
2025-12-23 16:46:21 provname=内蒙古,obtid=53276,cityname=朱日和,lat=42.24,lon=112.54,height=1150.8
2025-12-23 16:46:21 provname=内蒙古,obtid=53336,cityname=乌拉特中旗,lat=41.34,lon=108.31,height=1288
2025-12-23 16:46:21 provname=内蒙古,obtid=53352,cityname=达茂旗气象局,lat=41.42,lon=110.26,height=1376.6
2025-12-23 16:46:21 provname=内蒙古,obtid=53362,cityname=四子王,lat=41.32,lon=111.41,height=1490.1
2025-12-23 16:46:21 provname=内蒙古,obtid=53367,cityname=希拉穆仁气侯站,lat=41.19,lon=111.14,height=1602.3
2025-12-23 16:46:21 provname=内蒙古,obtid=53391,cityname=化德,lat=41.54,lon=114,height=1482.7
2025-12-23 16:46:21 provname=内蒙古,obtid=53446,cityname=包头市气象台,lat=40.32,lon=109.53,height=1004.7
2025-12-23 16:46:21 provname=内蒙古,obtid=53463,cityname=呼和浩特,lat=40.51,lon=111.34,height=1153.5
2025-12-23 16:46:21 provname=内蒙古,obtid=53480,cityname=集宁,lat=41.02,lon=113.04,height=1419.3
2025-12-23 16:46:21 provname=内蒙古,obtid=53502,cityname=吉兰太,lat=39.47,lon=105.45,height=1031.8
2025-12-23 16:46:21 provname=内蒙古,obtid=53513,cityname=临河,lat=40.44,lon=107.22,height=1041.1
2025-12-23 16:46:21 provname=内蒙古,obtid=53529,cityname=鄂托克旗,lat=39.05,lon=107.58,height=1381.4
2025-12-23 16:46:21 provname=内蒙古,obtid=53543,cityname=东胜,lat=39.5,lon=109.59,height=1461.9
2025-12-23 16:46:21 provname=内蒙古,obtid=53547,cityname=乌审召,lat=39.06,lon=109.02,height=1312.2
2025-12-23 16:46:21 provname=内蒙古,obtid=53602,cityname=阿拉善左旗,lat=38.5,lon=105.4,height=1561.4
2025-12-23 16:46:21 provname=内蒙古,obtid=54012,cityname=西乌珠穆沁,lat=44.34,lon=117.38,height=1001.7
2025-12-23 16:46:21 provname=内蒙古,obtid=54026,cityname=扎鲁特,lat=44.34,lon=120.54,height=265
2025-12-23 16:46:21 provname=内蒙古,obtid=54027,cityname=巴林左旗,lat=43.59,lon=119.24,height=486.2
2025-12-23 16:46:21 provname=内蒙古,obtid=54102,cityname=锡林浩特,lat=43.57,lon=116.07,height=1003
2025-12-23 16:46:21 provname=内蒙古,obtid=54115,cityname=林西县,lat=43.38,lon=118.02,height=825
2025-12-23 16:46:21 provname=内蒙古,obtid=54134,cityname=开鲁,lat=43.36,lon=121.17,height=241
2025-12-23 16:46:21 provname=内蒙古,obtid=54135,cityname=通辽,lat=43.36,lon=122.16,height=178.7
2025-12-23 16:46:21 provname=内蒙古,obtid=54208,cityname=多伦县,lat=42.12,lon=116.28,height=1245.4
2025-12-23 16:46:21 provname=内蒙古,obtid=54213,cityname=翁牛特旗,lat=42.56,lon=119.01,height=634.3
2025-12-23 16:46:21 provname=内蒙古,obtid=54218,cityname=赤峰,lat=42.18,lon=118.5,height=668.6
2025-12-23 16:46:21 provname=内蒙古,obtid=54226,cityname=宝国吐,lat=42.2,lon=120.42,height=400.5
2025-12-23 16:46:21 provname=宁夏,obtid=53519,cityname=惠农,lat=39.13,lon=106.46,height=1092.5
2025-12-23 16:46:21 provname=宁夏,obtid=53612,cityname=吴忠,lat=37.59,lon=106.11,height=1128.8
2025-12-23 16:46:21 provname=宁夏,obtid=53614,cityname=银川,lat=38.28,lon=106.12,height=1110.9
2025-12-23 16:46:21 provname=宁夏,obtid=53615,cityname=陶乐,lat=38.48,lon=106.42,height=1101.6
2025-12-23 16:46:21 provname=宁夏,obtid=53704,cityname=中卫,lat=37.32,lon=105.11,height=1225.7
2025-12-23 16:46:21 provname=宁夏,obtid=53705,cityname=中宁,lat=37.29,lon=105.41,height=1183.4
2025-12-23 16:46:21 provname=宁夏,obtid=53723,cityname=盐池,lat=37.48,lon=107.23,height=1349.3
2025-12-23 16:46:21 provname=宁夏,obtid=53806,cityname=海原,lat=36.34,lon=105.39,height=1854.2
2025-12-23 16:46:21 provname=宁夏,obtid=53810,cityname=同心,lat=36.58,lon=105.54,height=1339.3
2025-12-23 16:46:21 provname=宁夏,obtid=53817,cityname=固原,lat=36,lon=106.16,height=1753
2025-12-23 16:46:21 provname=宁夏,obtid=53903,cityname=西吉,lat=35.58,lon=105.43,height=1916.5
2025-12-23 16:46:21 provname=宁夏,obtid=53910,cityname=六盘山,lat=35.4,lon=106.12,height=2841.2
2025-12-23 16:46:21 provname=青海,obtid=51886,cityname=茫崖,lat=38.15,lon=90.51,height=2944.8
2025-12-23 16:46:21 provname=青海,obtid=52602,cityname=冷湖,lat=38.45,lon=93.2,height=2770
2025-12-23 16:46:21 provname=青海,obtid=52633,cityname=托勒,lat=38.49,lon=98.25,height=3367
2025-12-23 16:46:21 provname=青海,obtid=52645,cityname=野牛沟,lat=38.26,lon=99.36,height=3314
2025-12-23 16:46:21 provname=青海,obtid=52657,cityname=祁连,lat=38.11,lon=100.15,height=2787.4
2025-12-23 16:46:21 provname=青海,obtid=52707,cityname=小灶火,lat=36.48,lon=93.41,height=2767
2025-12-23 16:46:21 provname=青海,obtid=52713,cityname=大柴旦,lat=37.51,lon=95.21,height=3173.2
2025-12-23 16:46:21 provname=青海,obtid=52737,cityname=德令哈,lat=37.22,lon=97.23,height=2981.5
2025-12-23 16:46:21 provname=青海,obtid=52754,cityname=刚察,lat=37.2,lon=100.08,height=13301.5
2025-12-23 16:46:21 provname=青海,obtid=52765,cityname=门源,lat=37.23,lon=101.37,height=12850
2025-12-23 16:46:21 provname=青海,obtid=52818,cityname=格尔木,lat=36.25,lon=94.55,height=2807.6
2025-12-23 16:46:21 provname=青海,obtid=52825,cityname=诺木洪,lat=36.26,lon=96.26,height=2790.4
2025-12-23 16:46:21 provname=青海,obtid=52833,cityname=乌兰,lat=36.56,lon=98.29,height=12950
2025-12-23 16:46:21 provname=青海,obtid=52836,cityname=都兰,lat=36.18,lon=98.06,height=3189
2025-12-23 16:46:21 provname=青海,obtid=52842,cityname=茶卡,lat=36.47,lon=99.05,height=3087.6
2025-12-23 16:46:21 provname=青海,obtid=52856,cityname=共和,lat=36.16,lon=100.37,height=2835
2025-12-23 16:46:21 provname=青海,obtid=52866,cityname=西宁,lat=36.44,lon=101.45,height=2295.2
2025-12-23 16:46:21 provname=青海,obtid=52868,cityname=贵德,lat=36.01,lon=101.22,height=2273
2025-12-23 16:46:21 provname=青海,obtid=52876,cityname=民和,lat=36.2,lon=102.5,height=1813.9
2025-12-23 16:46:21 provname=青海,obtid=52908,cityname=五道梁,lat=35.13,lon=93.05,height=4612.2
2025-12-23 16:46:21 provname=青海,obtid=52943,cityname=兴海,lat=35.35,lon=99.59,height=3323.2
2025-12-23 16:46:21 provname=青海,obtid=52955,cityname=贵南,lat=35.35,lon=100.44,height=13120
2025-12-23 16:46:21 provname=青海,obtid=52974,cityname=同仁,lat=35.33,lon=102.02,height=2475
2025-12-23 16:46:21 provname=青海,obtid=56004,cityname=托托河,lat=34.13,lon=92.26,height=4533.1
2025-12-23 16:46:21 provname=青海,obtid=56018,cityname=杂多,lat=32.53,lon=95.17,height=4066.4
2025-12-23 16:46:21 provname=青海,obtid=56021,cityname=曲麻莱,lat=34.07,lon=95.48,height=4175
2025-12-23 16:46:21 provname=青海,obtid=56029,cityname=玉树,lat=33,lon=96.58,height=3716.9
2025-12-23 16:46:21 provname=青海,obtid=56033,cityname=玛多,lat=34.55,lon=98.13,height=4272.3
2025-12-23 16:46:21 provname=青海,obtid=56034,cityname=清水河,lat=33.48,lon=97.08,height=4415.4
2025-12-23 16:46:21 provname=青海,obtid=56043,cityname=玛沁,lat=34.29,lon=100.14,height=3719
2025-12-23 16:46:21 provname=青海,obtid=56046,cityname=达日,lat=33.45,lon=99.39,height=3967.5
2025-12-23 16:46:21 provname=青海,obtid=56065,cityname=河南,lat=34.44,lon=101.36,height=13500
2025-12-23 16:46:21 provname=青海,obtid=56067,cityname=久治,lat=33.26,lon=101.29,height=3628.5
2025-12-23 16:46:21 provname=青海,obtid=56125,cityname=囊谦,lat=32.12,lon=96.28,height=3643.7
2025-12-23 16:46:21 provname=青海,obtid=56151,cityname=班玛,lat=32.56,lon=100.45,height=13530
2025-12-23 16:46:21 provname=山东,obtid=54715,cityname=陵县,lat=37.19,lon=116.31,height=17.6
2025-12-23 16:46:21 provname=山东,obtid=54725,cityname=惠民,lat=37.3,lon=117.32,height=11.7
2025-12-23 16:46:21 provname=山东,obtid=54727,cityname=章丘,lat=36.41,lon=117.33,height=121.8
2025-12-23 16:46:21 provname=山东,obtid=54744,cityname=垦利,lat=37.35,lon=118.33,height=8.5
2025-12-23 16:46:21 provname=山东,obtid=54751,cityname=长岛,lat=37.56,lon=120.44,height=39.7
2025-12-23 16:46:21 provname=山东,obtid=54753,cityname=龙口,lat=37.38,lon=120.2,height=4.8
2025-12-23 16:46:21 provname=山东,obtid=54764,cityname=福山,lat=37.29,lon=121.14,height=53.9
2025-12-23 16:46:21 provname=山东,obtid=54774,cityname=威海,lat=37.28,lon=122.08,height=65.4
2025-12-23 16:46:21 provname=山东,obtid=54776,cityname=成山头,lat=37.24,lon=122.42,height=47.7
2025-12-23 16:46:21 provname=山东,obtid=54808,cityname=莘县,lat=36.14,lon=115.38,height=37.8
2025-12-23 16:46:21 provname=山东,obtid=54823,cityname=济南,lat=36.36,lon=117,height=170.3
2025-12-23 16:46:21 provname=山东,obtid=54826,cityname=泰山,lat=36.15,lon=117.06,height=1533.7
2025-12-23 16:46:21 provname=山东,obtid=54836,cityname=沂源,lat=36.11,lon=118.1,height=305.1
2025-12-23 16:46:21 provname=山东,obtid=54842,cityname=平度,lat=36.47,lon=120,height=62.2
2025-12-23 16:46:21 provname=山东,obtid=54843,cityname=潍坊,lat=36.45,lon=119.12,height=22.2
2025-12-23 16:46:21 provname=山东,obtid=54857,cityname=青岛,lat=36.04,lon=120.2,height=76
2025-12-23 16:46:21 provname=山东,obtid=54863,cityname=海阳,lat=36.47,lon=121.11,height=40.9
2025-12-23 16:46:21 provname=山东,obtid=54909,cityname=定陶,lat=35.05,lon=115.31,height=51.5
2025-12-23 16:46:21 provname=山东,obtid=54916,cityname=兖州,lat=35.34,lon=116.51,height=51.7
2025-12-23 16:46:21 provname=山东,obtid=54929,cityname=费县,lat=35.16,lon=117.58,height=121.2
2025-12-23 16:46:21 provname=山东,obtid=54936,cityname=莒县,lat=35.34,lon=118.5,height=107.4
2025-12-23 16:46:21 provname=山东,obtid=54945,cityname=日照,lat=35.28,lon=119.33,height=64.4
2025-12-23 16:46:21 provname=山东,obtid=58034,cityname=郯城,lat=34.36,lon=118.19,height=36.2
2025-12-23 16:46:21 provname=山西,obtid=53478,cityname=右玉,lat=40,lon=112.27,height=1345.8
2025-12-23 16:46:21 provname=山西,obtid=53487,cityname=大同,lat=40.05,lon=113.25,height=1052.6
2025-12-23 16:46:21 provname=山西,obtid=53490,cityname=天镇,lat=40.26,lon=114.03,height=1014.7
2025-12-23 16:46:21 provname=山西,obtid=53564,cityname=河曲,lat=39.22,lon=111.13,height=1036
2025-12-23 16:46:21 provname=山西,obtid=53578,cityname=朔州,lat=39.22,lon=112.26,height=1114.8
2025-12-23 16:46:21 provname=山西,obtid=53579,cityname=代县,lat=39.01,lon=112.54,height=859.7
2025-12-23 16:46:21 provname=山西,obtid=53588,cityname=五台山,lat=38.57,lon=113.31,height=2208.3
2025-12-23 16:46:21 provname=山西,obtid=53594,cityname=灵邱,lat=39.27,lon=114.11,height=938.7
2025-12-23 16:46:21 provname=山西,obtid=53663,cityname=五寨,lat=38.55,lon=111.49,height=1401
2025-12-23 16:46:21 provname=山西,obtid=53664,cityname=兴县,lat=38.28,lon=111.08,height=1012.6
2025-12-23 16:46:21 provname=山西,obtid=53673,cityname=原平,lat=38.44,lon=112.43,height=828.2
2025-12-23 16:46:21 provname=山西,obtid=53687,cityname=平定,lat=37.47,lon=113.38,height=753
2025-12-23 16:46:21 provname=山西,obtid=53764,cityname=离石,lat=37.3,lon=111.06,height=950.8
2025-12-23 16:46:21 provname=山西,obtid=53772,cityname=太原,lat=37.37,lon=112.35,height=776.3
2025-12-23 16:46:21 provname=山西,obtid=53775,cityname=太谷,lat=37.25,lon=112.36,height=785.8
2025-12-23 16:46:21 provname=山西,obtid=53787,cityname=榆社,lat=37.04,lon=112.59,height=1041.4
2025-12-23 16:46:21 provname=山西,obtid=53853,cityname=隰县,lat=36.42,lon=110.57,height=1052.7
2025-12-23 16:46:21 provname=山西,obtid=53859,cityname=吉县,lat=36.06,lon=110.4,height=851.3
2025-12-23 16:46:21 provname=山西,obtid=53863,cityname=介休,lat=37.04,lon=111.57,height=746
2025-12-23 16:46:21 provname=山西,obtid=53868,cityname=临汾,lat=36.04,lon=111.3,height=449.5
2025-12-23 16:46:21 provname=山西,obtid=53877,cityname=安泽,lat=36.1,lon=112.15,height=860.1
2025-12-23 16:46:21 provname=山西,obtid=53882,cityname=长治,lat=36.04,lon=113.02,height=1046.9
2025-12-23 16:46:21 provname=山西,obtid=53884,cityname=襄坦,lat=36.31,lon=113.02,height=877.9
2025-12-23 16:46:21 provname=山西,obtid=53959,cityname=运城,lat=35.07,lon=111.04,height=375
2025-12-23 16:46:21 provname=山西,obtid=53963,cityname=侯马,lat=35.39,lon=111.22,height=433.8
2025-12-23 16:46:21 provname=山西,obtid=53968,cityname=垣曲,lat=35.17,lon=111.4,height=505
2025-12-23 16:46:21 provname=山西,obtid=53975,cityname=阳城,lat=35.29,lon=112.24,height=659.5
2025-12-23 16:46:21 provname=山西,obtid=57052,cityname=永济,lat=34.53,lon=110.27,height=354.1
2025-12-23 16:46:21 provname=陕西,obtid=53646,cityname=榆林,lat=38.16,lon=109.47,height=1157
2025-12-23 16:46:21 provname=陕西,obtid=53651,cityname=神木,lat=38.49,lon=110.28,height=1098
2025-12-23 16:46:21 provname=陕西,obtid=53725,cityname=定边,lat=37.35,lon=107.35,height=1360.3
2025-12-23 16:46:21 provname=陕西,obtid=53735,cityname=靖边,lat=37.37,lon=108.48,height=1336.7
2025-12-23 16:46:21 provname=陕西,obtid=53738,cityname=吴旗,lat=36.55,lon=108.1,height=1331.4
2025-12-23 16:46:21 provname=陕西,obtid=53740,cityname=横山,lat=37.56,lon=109.14,height=1111
2025-12-23 16:46:21 provname=陕西,obtid=53754,cityname=绥德,lat=37.3,lon=110.13,height=929.7
2025-12-23 16:46:21 provname=陕西,obtid=53845,cityname=延安,lat=36.35,lon=109.27,height=1180.5
2025-12-23 16:46:21 provname=陕西,obtid=53854,cityname=延长,lat=36.35,lon=110.04,height=804.8
2025-12-23 16:46:21 provname=陕西,obtid=53929,cityname=长武,lat=35.12,lon=107.48,height=1206.5
2025-12-23 16:46:21 provname=陕西,obtid=53942,cityname=洛川,lat=35.46,lon=109.25,height=1155.9
2025-12-23 16:46:21 provname=陕西,obtid=53948,cityname=蒲城,lat=34.57,lon=109.35,height=499.2
2025-12-23 16:46:21 provname=陕西,obtid=53955,cityname=韩城,lat=35.28,lon=110.27,height=458.1
2025-12-23 16:46:21 provname=陕西,obtid=57003,cityname=陇县,lat=34.54,lon=106.5,height=924.2
2025-12-23 16:46:21 provname=陕西,obtid=57025,cityname=凤翔,lat=34.31,lon=107.23,height=781.1
2025-12-23 16:46:21 provname=陕西,obtid=57028,cityname=太白,lat=34.02,lon=107.19,height=1543.6
2025-12-23 16:46:21 provname=陕西,obtid=57030,cityname=永寿,lat=34.42,lon=108.09,height=994.6
2025-12-23 16:46:21 provname=陕西,obtid=57034,cityname=武功,lat=34.19,lon=108.14,height=471
2025-12-23 16:46:21 provname=陕西,obtid=57037,cityname=耀县,lat=34.56,lon=108.59,height=710
2025-12-23 16:46:21 provname=陕西,obtid=57046,cityname=华山,lat=34.29,lon=110.05,height=2064.9
2025-12-23 16:46:21 provname=陕西,obtid=57048,cityname=秦都,lat=34.24,lon=108.43,height=472.8
2025-12-23 16:46:21 provname=陕西,obtid=57049,cityname=华县,lat=34.31,lon=109.44,height=341.5
2025-12-23 16:46:21 provname=陕西,obtid=57106,cityname=略阳,lat=33.19,lon=106.09,height=794.2
2025-12-23 16:46:21 provname=陕西,obtid=57124,cityname=留坝,lat=33.38,lon=106.56,height=1032.1
2025-12-23 16:46:21 provname=陕西,obtid=57127,cityname=汉中,lat=33.04,lon=107.02,height=509.5
2025-12-23 16:46:21 provname=陕西,obtid=57131,cityname=泾河,lat=34.26,lon=108.58,height=410
2025-12-23 16:46:21 provname=陕西,obtid=57134,cityname=佛坪,lat=33.31,lon=107.59,height=827.2
2025-12-23 16:46:21 provname=陕西,obtid=57140,cityname=柞水,lat=33.4,lon=109.07,height=818.2
2025-12-23 16:46:21 provname=陕西,obtid=57143,cityname=商县,lat=33.52,lon=109.58,height=742.2
2025-12-23 16:46:21 provname=陕西,obtid=57144,cityname=镇安,lat=33.26,lon=109.09,height=693.7
2025-12-23 16:46:21 provname=陕西,obtid=57154,cityname=商南,lat=33.32,lon=110.54,height=523
2025-12-23 16:46:21 provname=陕西,obtid=57211,cityname=宁强,lat=32.5,lon=106.15,height=836.1
2025-12-23 16:46:21 provname=陕西,obtid=57232,cityname=石泉,lat=33.03,lon=108.16,height=484.9
2025-12-23 16:46:21 provname=陕西,obtid=57238,cityname=镇巴,lat=32.32,lon=107.54,height=693.9
2025-12-23 16:46:21 provname=陕西,obtid=57245,cityname=安康,lat=32.43,lon=109.02,height=290.8
2025-12-23 16:46:21 provname=陕西,obtid=57343,cityname=镇坪,lat=31.54,lon=109.32,height=995.8
2025-12-23 16:46:21 provname=上海,obtid=58362,cityname=宝山,lat=31.24,lon=121.27,height=5.5
2025-12-23 16:46:21 provname=四川,obtid=56038,cityname=石渠,lat=32.59,lon=98.06,height=14200
2025-12-23 16:46:21 provname=四川,obtid=56079,cityname=若尔盖,lat=33.35,lon=102.58,height=3441.4
2025-12-23 16:46:21 provname=四川,obtid=56144,cityname=德格,lat=31.48,lon=98.35,height=3184
2025-12-23 16:46:21 provname=四川,obtid=56146,cityname=甘孜,lat=31.37,lon=100,height=3393.5
2025-12-23 16:46:21 provname=四川,obtid=56152,cityname=色达,lat=32.17,lon=100.2,height=3893.9
2025-12-23 16:46:21 provname=四川,obtid=56167,cityname=道孚,lat=30.59,lon=101.07,height=2957.2
2025-12-23 16:46:21 provname=四川,obtid=56172,cityname=马尔康,lat=31.54,lon=102.14,height=2664.4
2025-12-23 16:46:21 provname=四川,obtid=56173,cityname=红原,lat=32.48,lon=102.33,height=3491.6
2025-12-23 16:46:21 provname=四川,obtid=56178,cityname=小金,lat=31,lon=102.21,height=2438
2025-12-23 16:46:21 provname=四川,obtid=56182,cityname=松潘,lat=32.4,lon=103.36,height=2881.3
2025-12-23 16:46:21 provname=四川,obtid=56187,cityname=温江,lat=30.45,lon=103.52,height=547.7
2025-12-23 16:46:21 provname=四川,obtid=56188,cityname=都江堰,lat=31,lon=103.4,height=698.5
2025-12-23 16:46:21 provname=四川,obtid=56196,cityname=绵阳,lat=31.27,lon=104.44,height=522.7
2025-12-23 16:46:21 provname=四川,obtid=56247,cityname=巴塘,lat=30,lon=99.06,height=2589.2
2025-12-23 16:46:21 provname=四川,obtid=56251,cityname=新龙,lat=30.56,lon=100.19,height=3000
2025-12-23 16:46:21 provname=四川,obtid=56257,cityname=理塘,lat=30,lon=100.16,height=3948.9
2025-12-23 16:46:21 provname=四川,obtid=56287,cityname=雅安,lat=29.59,lon=103,height=627.6
2025-12-23 16:46:21 provname=四川,obtid=56357,cityname=稻城,lat=29.03,lon=100.18,height=3727.7
2025-12-23 16:46:21 provname=四川,obtid=56374,cityname=康定,lat=30.03,lon=101.58,height=2615.7
2025-12-23 16:46:21 provname=四川,obtid=56385,cityname=峨眉山,lat=29.31,lon=103.2,height=3069.9
2025-12-23 16:46:21 provname=四川,obtid=56386,cityname=乐山,lat=29.34,lon=103.45,height=424.2
2025-12-23 16:46:21 provname=四川,obtid=56459,cityname=木里,lat=27.56,lon=101.16,height=2426.5
2025-12-23 16:46:21 provname=四川,obtid=56462,cityname=九龙,lat=29,lon=101.3,height=2925
2025-12-23 16:46:21 provname=四川,obtid=56475,cityname=越西,lat=28.39,lon=102.31,height=1659.5
2025-12-23 16:46:21 provname=四川,obtid=56479,cityname=昭觉,lat=28,lon=102.51,height=2132.4
2025-12-23 16:46:21 provname=四川,obtid=56485,cityname=雷波,lat=28.16,lon=103.35,height=1255.8
2025-12-23 16:46:21 provname=四川,obtid=56492,cityname=宜宾,lat=28.48,lon=104.36,height=340.8
2025-12-23 16:46:21 provname=四川,obtid=56565,cityname=盐源,lat=27.26,lon=101.31,height=2545
2025-12-23 16:46:21 provname=四川,obtid=56571,cityname=西昌,lat=27.54,lon=102.16,height=1590.9
2025-12-23 16:46:21 provname=四川,obtid=56666,cityname=攀枝花,lat=26.34,lon=101.43,height=1224.8
2025-12-23 16:46:21 provname=四川,obtid=56671,cityname=会理,lat=26.39,lon=102.15,height=1787.3
2025-12-23 16:46:21 provname=四川,obtid=57206,cityname=广元,lat=32.25,lon=105.54,height=545.4
2025-12-23 16:46:21 provname=四川,obtid=57237,cityname=万源,lat=32.04,lon=108.02,height=674
2025-12-23 16:46:21 provname=四川,obtid=57306,cityname=阆中,lat=31.35,lon=105.59,height=382.6
2025-12-23 16:46:21 provname=四川,obtid=57313,cityname=巴中,lat=31.52,lon=106.46,height=417.7
2025-12-23 16:46:21 provname=四川,obtid=57314,cityname=南部,lat=31.2,lon=106.03,height=405.7
2025-12-23 16:46:21 provname=四川,obtid=57328,cityname=达县,lat=31.12,lon=107.3,height=344.9
2025-12-23 16:46:21 provname=四川,obtid=57405,cityname=遂宁,lat=30.3,lon=105.33,height=355
2025-12-23 16:46:21 provname=四川,obtid=57411,cityname=高坪区,lat=30.44,lon=106.07,height=347
2025-12-23 16:46:21 provname=四川,obtid=57503,cityname=东兴区,lat=29.37,lon=105.07,height=349.7
2025-12-23 16:46:21 provname=四川,obtid=57604,cityname=纳溪,lat=28.47,lon=105.23,height=368.8
2025-12-23 16:46:21 provname=四川,obtid=57608,cityname=叙永,lat=28.1,lon=105.26,height=377.5
2025-12-23 16:46:21 provname=天津,obtid=54525,cityname=宝坻,lat=39.44,lon=117.17,height=5.1
2025-12-23 16:46:21 provname=天津,obtid=54527,cityname=天津,lat=39.05,lon=117.03,height=3.5
2025-12-23 16:46:21 provname=天津,obtid=54623,cityname=塘沽,lat=39.03,lon=117.43,height=4.8
2025-12-23 16:46:21 provname=西藏,obtid=55228,cityname=狮泉河,lat=32.3,lon=80.05,height=4278.6
2025-12-23 16:46:21 provname=西藏,obtid=55248,cityname=改则,lat=32.09,lon=84.25,height=4414.9
2025-12-23 16:46:21 provname=西藏,obtid=55279,cityname=班戈,lat=31.23,lon=90.01,height=14700
2025-12-23 16:46:21 provname=西藏,obtid=55294,cityname=安多,lat=32.21,lon=91.06,height=14800
2025-12-23 16:46:21 provname=西藏,obtid=55299,cityname=那曲,lat=31.29,lon=92.04,height=4507
2025-12-23 16:46:21 provname=西藏,obtid=55437,cityname=普兰,lat=30.17,lon=81.15,height=13900
2025-12-23 16:46:21 provname=西藏,obtid=55472,cityname=申扎,lat=30.57,lon=88.38,height=14672
2025-12-23 16:46:21 provname=西藏,obtid=55493,cityname=当雄,lat=30.29,lon=91.06,height=14200
2025-12-23 16:46:21 provname=西藏,obtid=55569,cityname=拉孜,lat=29.05,lon=87.36,height=14000
2025-12-23 16:46:21 provname=西藏,obtid=55578,cityname=日喀则,lat=29.15,lon=88.53,height=3836
2025-12-23 16:46:21 provname=西藏,obtid=55585,cityname=尼木,lat=29.26,lon=90.1,height=13809.4
2025-12-23 16:46:21 provname=西藏,obtid=55591,cityname=拉萨,lat=29.4,lon=91.08,height=3648.9
2025-12-23 16:46:21 provname=西藏,obtid=55598,cityname=泽当,lat=29.16,lon=91.46,height=3560
2025-12-23 16:46:21 provname=西藏,obtid=55655,cityname=聂拉木,lat=28.11,lon=85.58,height=13810
2025-12-23 16:46:21 provname=西藏,obtid=55664,cityname=定日,lat=28.38,lon=87.05,height=14300
2025-12-23 16:46:21 provname=西藏,obtid=55680,cityname=江孜,lat=28.55,lon=89.36,height=14040
2025-12-23 16:46:21 provname=西藏,obtid=55681,cityname=浪卡子,lat=28.58,lon=90.24,height=14431.7
2025-12-23 16:46:21 provname=西藏,obtid=55690,cityname=错那,lat=27.59,lon=91.57,height=14280
2025-12-23 16:46:21 provname=西藏,obtid=55696,cityname=隆子,lat=28.25,lon=92.28,height=13860
2025-12-23 16:46:21 provname=西藏,obtid=55773,cityname=帕里,lat=27.44,lon=89.05,height=14300
2025-12-23 16:46:21 provname=西藏,obtid=56106,cityname=索县,lat=31.53,lon=93.47,height=4022.8
2025-12-23 16:46:21 provname=西藏,obtid=56116,cityname=丁青,lat=31.25,lon=95.36,height=3873.1
2025-12-23 16:46:21 provname=西藏,obtid=56137,cityname=昌都,lat=31.09,lon=97.1,height=3315
2025-12-23 16:46:21 provname=西藏,obtid=56202,cityname=嘉黎,lat=30.4,lon=93.17,height=14488.8
2025-12-23 16:46:21 provname=西藏,obtid=56223,cityname=洛隆,lat=30.45,lon=95.5,height=13640
2025-12-23 16:46:21 provname=西藏,obtid=56227,cityname=波密,lat=29.52,lon=95.46,height=12736
2025-12-23 16:46:21 provname=西藏,obtid=56312,cityname=林芝,lat=29.4,lon=94.2,height=2991.8
2025-12-23 16:46:21 provname=西藏,obtid=56331,cityname=左贡,lat=29.4,lon=97.5,height=13780
2025-12-23 16:46:21 provname=西藏,obtid=56434,cityname=察隅,lat=28.39,lon=97.28,height=2327.6
2025-12-23 16:46:21 provname=新疆,obtid=51053,cityname=哈巴河,lat=48.03,lon=86.24,height=532.6
2025-12-23 16:46:21 provname=新疆,obtid=51059,cityname=吉木乃,lat=47.27,lon=85.53,height=968.2
2025-12-23 16:46:21 provname=新疆,obtid=51060,cityname=布尔津,lat=47.42,lon=86.52,height=473.9
2025-12-23 16:46:21 provname=新疆,obtid=51068,cityname=福海,lat=47.07,lon=87.29,height=497
2025-12-23 16:46:21 provname=新疆,obtid=51076,cityname=阿勒泰,lat=47.44,lon=88.05,height=735.3
2025-12-23 16:46:21 provname=新疆,obtid=51087,cityname=富蕴,lat=46.59,lon=89.31,height=807.5
2025-12-23 16:46:21 provname=新疆,obtid=51133,cityname=塔城,lat=46.44,lon=83,height=534.9
2025-12-23 16:46:21 provname=新疆,obtid=51156,cityname=和布克赛尔,lat=46.49,lon=85.45,height=1322.1
2025-12-23 16:46:21 provname=新疆,obtid=51186,cityname=青河,lat=46.4,lon=90.23,height=1218.2
2025-12-23 16:46:21 provname=新疆,obtid=51232,cityname=阿拉山口,lat=45.11,lon=82.34,height=336.1
2025-12-23 16:46:21 provname=新疆,obtid=51238,cityname=博乐,lat=44.54,lon=82.04,height=532.2
2025-12-23 16:46:21 provname=新疆,obtid=51241,cityname=托里,lat=45.56,lon=83.36,height=1094.2
2025-12-23 16:46:21 provname=新疆,obtid=51243,cityname=克拉玛依,lat=45.37,lon=84.51,height=450.3
2025-12-23 16:46:21 provname=新疆,obtid=51288,cityname=北塔山,lat=45.22,lon=90.32,height=1653.7
2025-12-23 16:46:21 provname=新疆,obtid=51330,cityname=温泉,lat=44.58,lon=81.01,height=1357.8
2025-12-23 16:46:21 provname=新疆,obtid=51334,cityname=精河,lat=44.34,lon=82.49,height=329.2
2025-12-23 16:46:21 provname=新疆,obtid=51346,cityname=乌苏,lat=44.26,lon=84.4,height=478.7
2025-12-23 16:46:21 provname=新疆,obtid=51358,cityname=乌兰乌苏,lat=44.17,lon=85.49,height=468.5
2025-12-23 16:46:21 provname=新疆,obtid=51365,cityname=蔡家湖,lat=44.12,lon=87.32,height=440.5
2025-12-23 16:46:21 provname=新疆,obtid=51367,cityname=呼图壁,lat=44.1,lon=86.51,height=575.1
2025-12-23 16:46:21 provname=新疆,obtid=51379,cityname=奇台,lat=44.01,lon=89.34,height=793.5
2025-12-23 16:46:21 provname=新疆,obtid=51431,cityname=伊宁,lat=43.57,lon=81.2,height=662.5
2025-12-23 16:46:21 provname=新疆,obtid=51433,cityname=尼勒克,lat=43.48,lon=82.31,height=1105.3
2025-12-23 16:46:21 provname=新疆,obtid=51437,cityname=昭苏,lat=43.09,lon=81.08,height=1851
2025-12-23 16:46:21 provname=新疆,obtid=51463,cityname=乌鲁木齐,lat=43.47,lon=87.39,height=935
2025-12-23 16:46:21 provname=新疆,obtid=51467,cityname=巴仑台,lat=42.46,lon=86.2,height=1732.4
2025-12-23 16:46:21 provname=新疆,obtid=51469,cityname=乌鲁木齐牧试站,lat=43.27,lon=87.11,height=1930
2025-12-23 16:46:21 provname=新疆,obtid=51470,cityname=天池,lat=43.53,lon=88.07,height=1942.5
2025-12-23 16:46:21 provname=新疆,obtid=51477,cityname=达坂城,lat=43.21,lon=88.19,height=1103.5
2025-12-23 16:46:21 provname=新疆,obtid=51495,cityname=十三间房,lat=43.13,lon=91.44,height=721.4
2025-12-23 16:46:21 provname=新疆,obtid=51526,cityname=库米什,lat=42.14,lon=88.13,height=922.4
2025-12-23 16:46:21 provname=新疆,obtid=51542,cityname=巴音布鲁克,lat=43.02,lon=84.09,height=2458
2025-12-23 16:46:21 provname=新疆,obtid=51567,cityname=焉耆,lat=42.05,lon=86.34,height=1055.3
2025-12-23 16:46:21 provname=新疆,obtid=51573,cityname=吐鲁番,lat=42.57,lon=89.14,height=39.3
2025-12-23 16:46:21 provname=新疆,obtid=51581,cityname=鄯善,lat=42.51,lon=90.14,height=398.6
2025-12-23 16:46:21 provname=新疆,obtid=51628,cityname=阿克苏,lat=41.07,lon=80.23,height=1107.1
2025-12-23 16:46:21 provname=新疆,obtid=51633,cityname=拜城,lat=41.47,lon=81.54,height=1229.2
2025-12-23 16:46:21 provname=新疆,obtid=51639,cityname=沙雅,lat=41.14,lon=82.47,height=980.4
2025-12-23 16:46:21 provname=新疆,obtid=51642,cityname=轮台,lat=41.49,lon=84.16,height=982
2025-12-23 16:46:21 provname=新疆,obtid=51644,cityname=库车,lat=41.43,lon=82.58,height=1081.9
2025-12-23 16:46:21 provname=新疆,obtid=51655,cityname=尉犁,lat=41.21,lon=86.16,height=884.9
2025-12-23 16:46:21 provname=新疆,obtid=51656,cityname=库尔勒,lat=41.44,lon=85.49,height=899.8
2025-12-23 16:46:21 provname=新疆,obtid=51701,cityname=吐尔尕特,lat=40.31,lon=75.24,height=3504.4
2025-12-23 16:46:21 provname=新疆,obtid=51704,cityname=阿图什,lat=39.43,lon=76.1,height=1298.7
2025-12-23 16:46:21 provname=新疆,obtid=51705,cityname=乌恰,lat=39.43,lon=75.15,height=2175.7
2025-12-23 16:46:21 provname=新疆,obtid=51709,cityname=喀什,lat=39.29,lon=75.45,height=1385.6
2025-12-23 16:46:21 provname=新疆,obtid=51711,cityname=阿合奇,lat=40.56,lon=78.27,height=1985.1
2025-12-23 16:46:21 provname=新疆,obtid=51716,cityname=巴楚,lat=39.48,lon=78.34,height=1116.5
2025-12-23 16:46:21 provname=新疆,obtid=51720,cityname=柯坪,lat=40.3,lon=79.03,height=1161.8
2025-12-23 16:46:21 provname=新疆,obtid=51730,cityname=阿拉尔,lat=40.33,lon=81.16,height=1012.2
2025-12-23 16:46:21 provname=新疆,obtid=51747,cityname=塔中,lat=39,lon=83.4,height=1099.3
2025-12-23 16:46:21 provname=新疆,obtid=51765,cityname=铁干里克,lat=40.38,lon=87.42,height=846
2025-12-23 16:46:21 provname=新疆,obtid=51777,cityname=若羌,lat=39.02,lon=88.1,height=887.7
2025-12-23 16:46:21 provname=新疆,obtid=51804,cityname=塔什库尔干,lat=37.46,lon=75.14,height=3090.1
2025-12-23 16:46:21 provname=新疆,obtid=51810,cityname=麦盖提,lat=38.55,lon=77.38,height=1178.2
2025-12-23 16:46:21 provname=新疆,obtid=51811,cityname=莎车,lat=38.26,lon=77.16,height=1231.2
2025-12-23 16:46:21 provname=新疆,obtid=51818,cityname=皮山,lat=37.37,lon=78.17,height=1375.4
2025-12-23 16:46:21 provname=新疆,obtid=51828,cityname=和田,lat=37.08,lon=79.56,height=1375
2025-12-23 16:46:21 provname=新疆,obtid=51839,cityname=民丰,lat=37.04,lon=82.43,height=1409.5
2025-12-23 16:46:21 provname=新疆,obtid=51855,cityname=且末,lat=38.09,lon=85.33,height=1247.2
2025-12-23 16:46:21 provname=新疆,obtid=51931,cityname=于田,lat=36.51,lon=81.39,height=1422
2025-12-23 16:46:21 provname=新疆,obtid=52101,cityname=巴里坤,lat=43.36,lon=93.03,height=1679.4
2025-12-23 16:46:21 provname=新疆,obtid=52112,cityname=淖毛湖,lat=43.45,lon=94.59,height=479
2025-12-23 16:46:21 provname=新疆,obtid=52118,cityname=伊吾,lat=43.16,lon=94.42,height=1728.6
2025-12-23 16:46:21 provname=新疆,obtid=52203,cityname=哈密,lat=42.49,lon=93.31,height=737.2
2025-12-23 16:46:21 provname=新疆,obtid=52313,cityname=红柳河,lat=41.32,lon=94.4,height=1573.8
2025-12-23 16:46:21 provname=云南,obtid=56444,cityname=德钦,lat=28.29,lon=98.55,height=3319
2025-12-23 16:46:21 provname=云南,obtid=56533,cityname=贡山,lat=27.45,lon=98.4,height=1583.3
2025-12-23 16:46:21 provname=云南,obtid=56543,cityname=香格里拉,lat=27.51,lon=99.45,height=3341.5
2025-12-23 16:46:21 provname=云南,obtid=56548,cityname=维西,lat=27.1,lon=99.17,height=2326.1
2025-12-23 16:46:21 provname=云南,obtid=56586,cityname=昭通昭阳,lat=27.21,lon=103.43,height=1949.5
2025-12-23 16:46:21 provname=云南,obtid=56643,cityname=六库,lat=25.52,lon=98.51,height=949.9
2025-12-23 16:46:21 provname=云南,obtid=56651,cityname=丽江,lat=26.51,lon=100.13,height=2380.9
2025-12-23 16:46:21 provname=云南,obtid=56664,cityname=华坪,lat=26.38,lon=101.16,height=1230.8
2025-12-23 16:46:21 provname=云南,obtid=56684,cityname=会泽,lat=26.24,lon=103.15,height=2188.3
2025-12-23 16:46:21 provname=云南,obtid=56739,cityname=腾冲,lat=24.59,lon=98.3,height=1695.9
2025-12-23 16:46:21 provname=云南,obtid=56748,cityname=保山隆阳,lat=25.07,lon=99.11,height=1652.2
2025-12-23 16:46:21 provname=云南,obtid=56751,cityname=大理,lat=25.42,lon=100.11,height=1990.5
2025-12-23 16:46:21 provname=云南,obtid=56763,cityname=元谋,lat=25.44,lon=101.52,height=1120.6
2025-12-23 16:46:21 provname=云南,obtid=56768,cityname=楚雄,lat=25.02,lon=101.33,height=1824.1
2025-12-23 16:46:21 provname=云南,obtid=56778,cityname=昆明,lat=25,lon=102.39,height=1888.1
2025-12-23 16:46:21 provname=云南,obtid=56786,cityname=沾益,lat=25.35,lon=103.5,height=1898.7
2025-12-23 16:46:21 provname=云南,obtid=56838,cityname=瑞丽,lat=24,lon=97.51,height=762.9
2025-12-23 16:46:21 provname=云南,obtid=56856,cityname=景东,lat=24.28,lon=100.52,height=1162.3
2025-12-23 16:46:21 provname=云南,obtid=56872,cityname=太华山,lat=24.57,lon=102.37,height=2358.3
2025-12-23 16:46:21 provname=云南,obtid=56875,cityname=玉溪红塔,lat=24.2,lon=102.33,height=1716.9
2025-12-23 16:46:21 provname=云南,obtid=56886,cityname=泸西,lat=24.32,lon=103.46,height=1704.3
2025-12-23 16:46:21 provname=云南,obtid=56946,cityname=耿马,lat=23.33,lon=99.24,height=1104.9
2025-12-23 16:46:21 provname=云南,obtid=56950,cityname=双江,lat=23.28,lon=99.48,height=1044.1
2025-12-23 16:46:21 provname=云南,obtid=56951,cityname=临沧,lat=23.53,lon=100.05,height=1502.4
2025-12-23 16:46:21 provname=云南,obtid=56954,cityname=澜沧,lat=22.34,lon=99.56,height=1054.8
2025-12-23 16:46:21 provname=云南,obtid=56959,cityname=景洪,lat=22,lon=100.47,height=582
2025-12-23 16:46:21 provname=云南,obtid=56964,cityname=思茅,lat=22.47,lon=100.58,height=1302.1
2025-12-23 16:46:21 provname=云南,obtid=56966,cityname=元江,lat=23.36,lon=101.59,height=400.9
2025-12-23 16:46:21 provname=云南,obtid=56969,cityname=勐腊,lat=21.28,lon=101.34,height=633.4
2025-12-23 16:46:21 provname=云南,obtid=56977,cityname=江城,lat=22.35,lon=101.51,height=1120.5
2025-12-23 16:46:21 provname=云南,obtid=56985,cityname=蒙自,lat=23.26,lon=103.19,height=1313.6
2025-12-23 16:46:21 provname=云南,obtid=56986,cityname=屏边,lat=22.59,lon=103.41,height=1414.1
2025-12-23 16:46:21 provname=云南,obtid=56991,cityname=砚山,lat=23.37,lon=104.2,height=1561.1
2025-12-23 16:46:21 provname=云南,obtid=59007,cityname=广南,lat=24.04,lon=105.04,height=1249.6
2025-12-23 16:46:21 provname=浙江,obtid=58448,cityname=临安,lat=30.13,lon=119.42,height=117.6
2025-12-23 16:46:21 provname=浙江,obtid=58450,cityname=湖州,lat=30.52,lon=120.03,height=7.4
2025-12-23 16:46:21 provname=浙江,obtid=58457,cityname=杭州,lat=30.14,lon=120.1,height=41.7
2025-12-23 16:46:21 provname=浙江,obtid=58464,cityname=平湖,lat=30.39,lon=121.07,height=4
2025-12-23 16:46:21 provname=浙江,obtid=58467,cityname=慈溪,lat=30.12,lon=121.16,height=4.5
2025-12-23 16:46:21 provname=浙江,obtid=58472,cityname=嵊泗,lat=30.44,lon=122.27,height=79.6
2025-12-23 16:46:21 provname=浙江,obtid=58477,cityname=定海,lat=30.02,lon=122.06,height=35.7
2025-12-23 16:46:21 provname=浙江,obtid=58543,cityname=淳安,lat=29.37,lon=119.01,height=171.4
2025-12-23 16:46:21 provname=浙江,obtid=58549,cityname=金华,lat=29.07,lon=119.39,height=62.6
2025-12-23 16:46:21 provname=浙江,obtid=58553,cityname=上虞,lat=30.03,lon=120.49,height=6.4
2025-12-23 16:46:21 provname=浙江,obtid=58556,cityname=嵊州,lat=29.36,lon=120.49,height=104.3
2025-12-23 16:46:21 provname=浙江,obtid=58557,cityname=义乌,lat=29.2,lon=120.05,height=90
2025-12-23 16:46:21 provname=浙江,obtid=58562,cityname=鄞县,lat=29.48,lon=121.3,height=6.2
2025-12-23 16:46:21 provname=浙江,obtid=58569,cityname=石浦,lat=29.12,lon=121.57,height=128.4
2025-12-23 16:46:21 provname=浙江,obtid=58633,cityname=衢州,lat=29,lon=118.54,height=82.4
2025-12-23 16:46:21 provname=浙江,obtid=58646,cityname=丽水,lat=28.28,lon=119.56,height=59.7
2025-12-23 16:46:21 provname=浙江,obtid=58652,cityname=仙居,lat=28.52,lon=120.43,height=83
2025-12-23 16:46:21 provname=浙江,obtid=58665,cityname=洪家,lat=28.37,lon=121.25,height=4.6
2025-12-23 16:46:21 provname=浙江,obtid=58666,cityname=大陈,lat=28.27,lon=121.54,height=86.2
2025-12-23 16:46:21 provname=浙江,obtid=58667,cityname=玉环,lat=28.05,lon=121.16,height=95.9
2025-12-23 16:46:21 provname=浙江,obtid=58742,cityname=云和,lat=28.06,lon=119.34,height=163
2025-12-23 16:46:21 provname=浙江,obtid=58752,cityname=瑞安,lat=27.47,lon=120.39,height=39.7
2025-12-23 16:46:21 provname=浙江,obtid=58760,cityname=洞头,lat=27.5,lon=121.09,height=68.6
2025-12-23 16:46:21 provname=重庆,obtid=57348,cityname=奉节,lat=31.01,lon=109.32,height=299.8
2025-12-23 16:46:21 provname=重庆,obtid=57426,cityname=梁平,lat=30.41,lon=107.48,height=454.5
2025-12-23 16:46:21 provname=重庆,obtid=57432,cityname=万州,lat=30.46,lon=108.24,height=186.7
2025-12-23 16:46:21 provname=重庆,obtid=57502,cityname=大足,lat=29.42,lon=105.42,height=394.7
2025-12-23 16:46:21 provname=重庆,obtid=57512,cityname=合川,lat=29.58,lon=106.16,height=364.5
2025-12-23 16:46:21 provname=重庆,obtid=57516,cityname=沙坪坝,lat=29.35,lon=106.28,height=259.1
2025-12-23 16:46:21 provname=重庆,obtid=57517,cityname=江津,lat=29.17,lon=106.15,height=261.4
2025-12-23 16:46:21 provname=重庆,obtid= 5752,cityname=长寿,lat=29.5,lon=107.04,height=377.6
2025-12-23 16:46:21 provname=重庆,obtid=57523,cityname=丰都,lat=29.51,lon=107.44,height=290.5
2025-12-23 16:46:21 provname=重庆,obtid=57536,cityname=黔江,lat=29.31,lon=108.46,height=786.9
2025-12-23 16:46:21 provname=重庆,obtid=57612,cityname=綦江,lat=29,lon=106.39,height=474.7
2025-12-23 16:46:21 provname=重庆,obtid=57633,cityname=酉阳,lat=28.47,lon=108.48,height=419.3
2025-12-23 16:46:21 总记录数=839，插入=0，更新=839，耗时=0.51秒。
2025-12-23 16:59:18 connect database(idc/idcpwd@snorcl11g_5) ok.
2025-12-23 16:59:18 provname=安徽,obtid=58015,cityname=砀山,lat=34.27,lon=116.2,height=44.2
2025-12-23 16:59:18 provname=安徽,obtid=58102,cityname=亳州,lat=33.47,lon=115.44,height=39.1
2025-12-23 16:59:18 provname=安徽,obtid=58118,cityname=蒙城,lat=33.16,lon=116.31,height=10.3
2025-12-23 16:59:18 provname=安徽,obtid=58122,cityname=宿州,lat=33.38,lon=116.59,height=25.9
2025-12-23 16:59:18 provname=安徽,obtid=58203,cityname=阜阳,lat=32.52,lon=115.44,height=32.7
2025-12-23 16:59:18 provname=安徽,obtid=58215,cityname=寿县,lat=32.26,lon=116.47,height=25.7
2025-12-23 16:59:18 provname=安徽,obtid=58221,cityname=蚌埠,lat=32.51,lon=117.18,height=26.8
2025-12-23 16:59:18 provname=安徽,obtid=58225,cityname=定远,lat=32.32,lon=117.4,height=69.6
2025-12-23 16:59:18 provname=安徽,obtid=58236,cityname=滁州,lat=32.21,lon=118.15,height=33.5
2025-12-23 16:59:18 provname=安徽,obtid=58311,cityname=六安,lat=31.44,lon=116.3,height=74.1
2025-12-23 16:59:18 provname=安徽,obtid=58314,cityname=霍山,lat=31.24,lon=116.19,height=86.4
2025-12-23 16:59:18 provname=安徽,obtid=58319,cityname=桐城,lat=31.04,lon=116.57,height=85.4
2025-12-23 16:59:18 provname=安徽,obtid=58321,cityname=合肥,lat=31.47,lon=117.18,height=27
2025-12-23 16:59:18 provname=安徽,obtid=58326,cityname=巢湖,lat=31.35,lon=117.5,height=30.9
2025-12-23 16:59:18 provname=安徽,obtid=58336,cityname=马鞍山,lat=31.42,lon=118.34,height=80
2025-12-23 16:59:18 provname=安徽,obtid=58338,cityname=芜湖县,lat=31.07,lon=118.36,height=40
2025-12-23 16:59:18 provname=安徽,obtid=58414,cityname=太湖,lat=30.26,lon=116.19,height=105.1
2025-12-23 16:59:18 provname=安徽,obtid=58419,cityname=东至,lat=30.06,lon=117.01,height=17.6
2025-12-23 16:59:18 provname=安徽,obtid=58424,cityname=安庆,lat=30.37,lon=116.58,height=62
2025-12-23 16:59:18 provname=安徽,obtid=58429,cityname=铜陵,lat=30.59,lon=117.51,height=11
2025-12-23 16:59:18 provname=安徽,obtid=58436,cityname=宁国,lat=30.37,lon=118.59,height=87.3
2025-12-23 16:59:18 provname=安徽,obtid=58437,cityname=黄山,lat=30.08,lon=118.09,height=1840.4
2025-12-23 16:59:18 provname=安徽,obtid=58520,cityname=祁门,lat=29.51,lon=117.43,height=142
2025-12-23 16:59:18 provname=安徽,obtid=58531,cityname=屯溪,lat=29.43,lon=118.17,height=142.7
2025-12-23 16:59:18 provname=北京,obtid=54406,cityname=延庆,lat=40.27,lon=115.58,height=487.9
2025-12-23 16:59:18 provname=北京,obtid=54416,cityname=密云,lat=40.23,lon=116.52,height=71.8
2025-12-23 16:59:18 provname=北京,obtid=54511,cityname=北京,lat=39.48,lon=116.28,height=31.3
2025-12-23 16:59:18 provname=福建,obtid=58725,cityname=邵武,lat=27.2,lon=117.28,height=218
2025-12-23 16:59:18 provname=福建,obtid=58730,cityname=武夷山,lat=27.46,lon=118.02,height=222.1
2025-12-23 16:59:18 provname=福建,obtid=58731,cityname=浦城,lat=27.55,lon=118.32,height=276.9
2025-12-23 16:59:18 provname=福建,obtid=58734,cityname=建阳,lat=27.2,lon=118.07,height=196.9
2025-12-23 16:59:18 provname=福建,obtid=58737,cityname=建瓯,lat=27.03,lon=118.19,height=154.9
2025-12-23 16:59:18 provname=福建,obtid=58744,cityname=寿宁,lat=27.27,lon=119.25,height=815.9
2025-12-23 16:59:18 provname=福建,obtid=58754,cityname=福鼎,lat=27.2,lon=120.12,height=36.2
2025-12-23 16:59:18 provname=福建,obtid=58818,cityname=宁化,lat=26.14,lon=116.38,height=358.9
2025-12-23 16:59:18 provname=福建,obtid=58820,cityname=泰宁,lat=26.54,lon=117.1,height=342.9
2025-12-23 16:59:18 provname=福建,obtid=58834,cityname=南平,lat=26.38,lon=118.1,height=152.2
2025-12-23 16:59:18 provname=福建,obtid=58837,cityname=尤溪,lat=26.09,lon=118.09,height=204.8
2025-12-23 16:59:18 provname=福建,obtid=58843,cityname=霞浦,lat=26.53,lon=120.01,height=56.8
2025-12-23 16:59:18 provname=福建,obtid=58846,cityname=宁德,lat=26.4,lon=119.31,height=32.4
2025-12-23 16:59:18 provname=福建,obtid=58847,cityname=福州,lat=26.05,lon=119.17,height=84
2025-12-23 16:59:18 provname=福建,obtid=58911,cityname=长汀,lat=25.51,lon=116.22,height=310
2025-12-23 16:59:18 provname=福建,obtid=58918,cityname=上杭,lat=25.03,lon=116.25,height=198
2025-12-23 16:59:18 provname=福建,obtid=58921,cityname=永安,lat=25.58,lon=117.21,height=206
2025-12-23 16:59:18 provname=福建,obtid=58926,cityname=漳平,lat=25.18,lon=117.25,height=205.3
2025-12-23 16:59:18 provname=福建,obtid=58927,cityname=龙岩,lat=25.03,lon=117.01,height=376
2025-12-23 16:59:18 provname=福建,obtid=58931,cityname=九仙山,lat=25.43,lon=118.06,height=1653.5
2025-12-23 16:59:18 provname=福建,obtid=58933,cityname=屏南,lat=26.55,lon=118.59,height=869.5
2025-12-23 16:59:18 provname=福建,obtid=58936,cityname=仙游,lat=25.22,lon=118.42,height=77.7
2025-12-23 16:59:18 provname=福建,obtid=58944,cityname=平潭,lat=25.31,lon=119.47,height=32.4
2025-12-23 16:59:18 provname=福建,obtid=59113,cityname=永定,lat=24.44,lon=116.43,height=226.9
2025-12-23 16:59:18 provname=福建,obtid=59126,cityname=漳州,lat=24.3,lon=117.39,height=28.9
2025-12-23 16:59:18 provname=福建,obtid=59133,cityname=崇武,lat=24.54,lon=118.55,height=21.8
2025-12-23 16:59:18 provname=福建,obtid=59134,cityname=厦门,lat=24.29,lon=118.04,height=139.4
2025-12-23 16:59:18 provname=福建,obtid=59321,cityname=东山,lat=23.47,lon=117.3,height=53.3
2025-12-23 16:59:18 provname=甘肃,obtid=52323,cityname=马鬃山,lat=41.48,lon=97.02,height=1770.4
2025-12-23 16:59:18 provname=甘肃,obtid=52418,cityname=敦煌,lat=40.09,lon=94.41,height=1139
2025-12-23 16:59:18 provname=甘肃,obtid=52424,cityname=瓜州,lat=40.32,lon=95.47,height=1170.9
2025-12-23 16:59:18 provname=甘肃,obtid=52436,cityname=玉门镇,lat=40.16,lon=97.02,height=1526
2025-12-23 16:59:18 provname=甘肃,obtid=52446,cityname=鼎新,lat=40.18,lon=99.31,height=1177.4
2025-12-23 16:59:18 provname=甘肃,obtid=52447,cityname=金塔,lat=40,lon=98.53,height=1270.5
2025-12-23 16:59:18 provname=甘肃,obtid=52533,cityname=酒泉,lat=39.46,lon=98.29,height=1477.2
2025-12-23 16:59:18 provname=甘肃,obtid=52546,cityname=高台,lat=39.22,lon=99.5,height=1332.2
2025-12-23 16:59:18 provname=甘肃,obtid=52652,cityname=张掖,lat=39.05,lon=100.17,height=1461.1
2025-12-23 16:59:18 provname=甘肃,obtid=52661,cityname=山丹,lat=38.48,lon=101.05,height=1765.5
2025-12-23 16:59:18 provname=甘肃,obtid=52674,cityname=永昌,lat=38.13,lon=101.56,height=2093.9
2025-12-23 16:59:18 provname=甘肃,obtid=52679,cityname=武威,lat=37.55,lon=102.4,height=1531.5
2025-12-23 16:59:18 provname=甘肃,obtid=52681,cityname=民勤,lat=38.38,lon=103.05,height=1367.5
2025-12-23 16:59:18 provname=甘肃,obtid=52787,cityname=乌鞘岭,lat=37.12,lon=102.52,height=3045.1
2025-12-23 16:59:18 provname=甘肃,obtid=52797,cityname=景泰,lat=37.11,lon=104.03,height=1630.9
2025-12-23 16:59:18 provname=甘肃,obtid=52884,cityname=皋兰,lat=36.21,lon=103.57,height=1668.5
2025-12-23 16:59:18 provname=甘肃,obtid=52895,cityname=靖远,lat=36.34,lon=104.41,height=1398.2
2025-12-23 16:59:18 provname=甘肃,obtid=52983,cityname=榆中,lat=35.52,lon=104.09,height=1874.4
2025-12-23 16:59:18 provname=甘肃,obtid=52984,cityname=临夏,lat=35.35,lon=103.11,height=1917.2
2025-12-23 16:59:18 provname=甘肃,obtid=52986,cityname=临洮,lat=35.22,lon=103.52,height=1893.8
2025-12-23 16:59:18 provname=甘肃,obtid=52996,cityname=华家岭,lat=35.23,lon=105.01,height=2450.6
2025-12-23 16:59:18 provname=甘肃,obtid=53821,cityname=环县,lat=36.34,lon=107.18,height=1255.6
2025-12-23 16:59:18 provname=甘肃,obtid=53915,cityname=崆峒,lat=35.33,lon=106.4,height=1346.6
2025-12-23 16:59:18 provname=甘肃,obtid=53923,cityname=西峰,lat=35.44,lon=107.38,height=1421
2025-12-23 16:59:18 provname=甘肃,obtid=56074,cityname=玛曲,lat=34,lon=102.05,height=3471.4
2025-12-23 16:59:18 provname=甘肃,obtid=56080,cityname=合作,lat=35,lon=102.54,height=2910
2025-12-23 16:59:18 provname=甘肃,obtid=56093,cityname=岷县,lat=34.26,lon=104.01,height=2315
2025-12-23 16:59:18 provname=甘肃,obtid=56096,cityname=武都,lat=33.24,lon=104.55,height=1079.1
2025-12-23 16:59:18 provname=甘肃,obtid=57014,cityname=麦积,lat=34.34,lon=105.52,height=1085.2
2025-12-23 16:59:18 provname=广东,obtid=57996,cityname=南雄,lat=25.05,lon=114.15,height=149.7
2025-12-23 16:59:18 provname=广东,obtid=59072,cityname=连州,lat=24.49,lon=112.22,height=131.7
2025-12-23 16:59:18 provname=广东,obtid=59082,cityname=韶关,lat=24.4,lon=113.36,height=121.3
2025-12-23 16:59:18 provname=广东,obtid=59087,cityname=佛冈,lat=23.53,lon=113.31,height=97.2
2025-12-23 16:59:18 provname=广东,obtid=59088,cityname=英德,lat=24.11,lon=113.25,height=74.4
2025-12-23 16:59:18 provname=广东,obtid=59096,cityname=连平,lat=24.22,lon=114.29,height=215.2
2025-12-23 16:59:18 provname=广东,obtid=59097,cityname=新丰,lat=24.03,lon=114.12,height=199.3
2025-12-23 16:59:18 provname=广东,obtid=59107,cityname=龙川,lat=24.07,lon=115.17,height=179.6
2025-12-23 16:59:18 provname=广东,obtid=59116,cityname=大埔,lat=24.21,lon=116.42,height=80.1
2025-12-23 16:59:18 provname=广东,obtid=59117,cityname=梅县,lat=24.17,lon=116.04,height=116
2025-12-23 16:59:18 provname=广东,obtid=59271,cityname=广宁,lat=23.38,lon=112.25,height=92.7
2025-12-23 16:59:18 provname=广东,obtid=59278,cityname=高要,lat=22.59,lon=112.29,height=60
2025-12-23 16:59:18 provname=广东,obtid=59280,cityname=清远,lat=23.43,lon=113.05,height=79.2
2025-12-23 16:59:18 provname=广东,obtid=59287,cityname=广州,lat=23.13,lon=113.29,height=70.7
2025-12-23 16:59:18 provname=广东,obtid=59289,cityname=东莞,lat=22.58,lon=113.44,height=56
2025-12-23 16:59:18 provname=广东,obtid=59293,cityname=河源,lat=23.48,lon=114.44,height=71.1
2025-12-23 16:59:18 provname=广东,obtid=59294,cityname=增城,lat=23.2,lon=113.5,height=30.8
2025-12-23 16:59:18 provname=广东,obtid=59298,cityname=惠阳,lat=23.04,lon=114.22,height=108.5
2025-12-23 16:59:18 provname=广东,obtid=59303,cityname=五华,lat=23.55,lon=115.45,height=135.9
2025-12-23 16:59:18 provname=广东,obtid=59304,cityname=紫金,lat=23.38,lon=115.11,height=176.6
2025-12-23 16:59:18 provname=广东,obtid=59306,cityname=揭西,lat=23.27,lon=115.51,height=80.9
2025-12-23 16:59:18 provname=广东,obtid=59310,cityname=丰顺,lat=23.46,lon=116.1,height=45.3
2025-12-23 16:59:18 provname=广东,obtid=59316,cityname=汕头,lat=23.23,lon=116.41,height=2.3
2025-12-23 16:59:18 provname=广东,obtid=59317,cityname=惠来,lat=22.59,lon=116.18,height=42
2025-12-23 16:59:18 provname=广东,obtid=59324,cityname=南澳,lat=23.26,lon=117.02,height=8
2025-12-23 16:59:18 provname=广东,obtid=59456,cityname=信宜,lat=22.21,lon=110.56,height=141.4
2025-12-23 16:59:18 provname=广东,obtid=59462,cityname=罗定,lat=22.43,lon=111.36,height=60
2025-12-23 16:59:18 provname=广东,obtid=59478,cityname=台山,lat=22.15,lon=112.47,height=33.1
2025-12-23 16:59:18 provname=广东,obtid=59485,cityname=中山,lat=22.31,lon=113.24,height=33.7
2025-12-23 16:59:18 provname=广东,obtid=59488,cityname=珠海,lat=22.17,lon=113.34,height=51.4
2025-12-23 16:59:18 provname=广东,obtid=59493,cityname=深圳,lat=22.33,lon=114,height=63
2025-12-23 16:59:18 provname=广东,obtid=59501,cityname=汕尾,lat=22.48,lon=115.22,height=17.3
2025-12-23 16:59:18 provname=广东,obtid=59658,cityname=湛江,lat=21.09,lon=110.18,height=53.4
2025-12-23 16:59:18 provname=广东,obtid=59663,cityname=阳江,lat=21.51,lon=111.59,height=90.3
2025-12-23 16:59:18 provname=广东,obtid=59664,cityname=电白,lat=21.33,lon=110.59,height=31.8
2025-12-23 16:59:18 provname=广东,obtid=59673,cityname=上川岛,lat=21.44,lon=112.46,height=21.9
2025-12-23 16:59:18 provname=广东,obtid=59754,cityname=徐闻,lat=20.2,lon=110.11,height=56.2
2025-12-23 16:59:18 provname=广西,obtid=57947,cityname=融安,lat=25.13,lon=109.24,height=121.3
2025-12-23 16:59:18 provname=广西,obtid=57957,cityname=桂林,lat=25.19,lon=110.18,height=164.4
2025-12-23 16:59:18 provname=广西,obtid=57958,cityname=雁山,lat=25.05,lon=110.19,height=151.3
2025-12-23 16:59:18 provname=广西,obtid=59021,cityname=凤山,lat=24.33,lon=107.02,height=509.4
2025-12-23 16:59:18 provname=广西,obtid=59023,cityname=河池,lat=24.42,lon=108.02,height=260.2
2025-12-23 16:59:18 provname=广西,obtid=59027,cityname=巴马,lat=24.08,lon=107.15,height=254.9
2025-12-23 16:59:18 provname=广西,obtid=59037,cityname=都安,lat=23.56,lon=108.06,height=170.8
2025-12-23 16:59:18 provname=广西,obtid=59046,cityname=柳州,lat=24.21,lon=109.24,height=96.8
2025-12-23 16:59:18 provname=广西,obtid=59058,cityname=蒙山,lat=24.12,lon=110.31,height=181.9
2025-12-23 16:59:18 provname=广西,obtid=59065,cityname=八步,lat=24.25,lon=111.3,height=148.7
2025-12-23 16:59:18 provname=广西,obtid=59209,cityname=那坡,lat=23.25,lon=105.5,height=794.1
2025-12-23 16:59:18 provname=广西,obtid=59211,cityname=百色,lat=23.54,lon=106.36,height=174.7
2025-12-23 16:59:18 provname=广西,obtid=59218,cityname=靖西,lat=23.08,lon=106.25,height=739.9
2025-12-23 16:59:18 provname=广西,obtid=59228,cityname=平果,lat=23.19,lon=107.35,height=108.8
2025-12-23 16:59:18 provname=广西,obtid=59242,cityname=来宾,lat=23.46,lon=109.09,height=96.7
2025-12-23 16:59:18 provname=广西,obtid=59254,cityname=桂平,lat=23.24,lon=110.05,height=42.5
2025-12-23 16:59:18 provname=广西,obtid=59265,cityname=梧州,lat=23.29,lon=111.18,height=114.8
2025-12-23 16:59:18 provname=广西,obtid=59417,cityname=龙州,lat=22.2,lon=106.51,height=130
2025-12-23 16:59:18 provname=广西,obtid=59431,cityname=南宁,lat=22.38,lon=108.13,height=121.6
2025-12-23 16:59:18 provname=广西,obtid=59446,cityname=灵山,lat=22.25,lon=109.18,height=66.6
2025-12-23 16:59:18 provname=广西,obtid=59453,cityname=玉林,lat=22.4,lon=110.07,height=121.6
2025-12-23 16:59:18 provname=广西,obtid=59626,cityname=东兴,lat=21.34,lon=107.57,height=56.8
2025-12-23 16:59:18 provname=广西,obtid=59631,cityname=防城,lat=21.47,lon=108.21,height=32.4
2025-12-23 16:59:18 provname=广西,obtid=59632,cityname=钦州,lat=21.59,lon=108.36,height=49.2
2025-12-23 16:59:18 provname=广西,obtid=59644,cityname=北海,lat=21.27,lon=109.08,height=12.8
2025-12-23 16:59:18 provname=广西,obtid=59647,cityname=涠洲岛,lat=21.02,lon=109.06,height=55.2
2025-12-23 16:59:18 provname=贵州,obtid=56691,cityname=威宁,lat=26.52,lon=104.17,height=2237.5
2025-12-23 16:59:18 provname=贵州,obtid=56693,cityname=水城,lat=26.35,lon=104.52,height=1815.9
2025-12-23 16:59:18 provname=贵州,obtid=56792,cityname=普安,lat=25.47,lon=104.58,height=1649.4
2025-12-23 16:59:18 provname=贵州,obtid=56793,cityname=盘县,lat=25.43,lon=104.28,height=1800
2025-12-23 16:59:18 provname=贵州,obtid=57606,cityname=桐梓,lat=28.08,lon=106.5,height=972
2025-12-23 16:59:18 provname=贵州,obtid=57614,cityname=习水,lat=28.2,lon=106.13,height=1180.2
2025-12-23 16:59:18 provname=贵州,obtid=57625,cityname=正安,lat=28.33,lon=107.27,height=679.7
2025-12-23 16:59:18 provname=贵州,obtid=57647,cityname=松桃,lat=28.09,lon=109.11,height=406.1
2025-12-23 16:59:18 provname=贵州,obtid=57707,cityname=毕节,lat=27.18,lon=105.17,height=1510.6
2025-12-23 16:59:18 provname=贵州,obtid=57710,cityname=仁怀,lat=27.48,lon=106.24,height=890.3
2025-12-23 16:59:18 provname=贵州,obtid=57712,cityname=汇川,lat=27.44,lon=106.57,height=983.5
2025-12-23 16:59:18 provname=贵州,obtid=57718,cityname=息烽,lat=27.06,lon=106.43,height=1112.1
2025-12-23 16:59:18 provname=贵州,obtid=57722,cityname=湄潭,lat=27.46,lon=107.28,height=792.2
2025-12-23 16:59:18 provname=贵州,obtid=57729,cityname=余庆,lat=27.14,lon=107.53,height=622.1
2025-12-23 16:59:18 provname=贵州,obtid=57731,cityname=思南,lat=27.57,lon=108.15,height=416.8
2025-12-23 16:59:18 provname=贵州,obtid=57741,cityname=铜仁,lat=27.43,lon=109.1,height=353.2
2025-12-23 16:59:18 provname=贵州,obtid=57803,cityname=黔西,lat=27.02,lon=106.01,height=1231.4
2025-12-23 16:59:18 provname=贵州,obtid=57805,cityname=织金,lat=26.41,lon=105.46,height=1319.3
2025-12-23 16:59:18 provname=贵州,obtid=57806,cityname=安顺,lat=26.15,lon=105.54,height=1431.1
2025-12-23 16:59:18 provname=贵州,obtid=57816,cityname=贵阳,lat=26.35,lon=106.44,height=1223.8
2025-12-23 16:59:18 provname=贵州,obtid=57825,cityname=凯里,lat=26.36,lon=107.59,height=720.3
2025-12-23 16:59:18 provname=贵州,obtid=57827,cityname=都匀,lat=26.19,lon=107.32,height=969.1
2025-12-23 16:59:18 provname=贵州,obtid=57832,cityname=三穗,lat=26.58,lon=108.4,height=626.9
2025-12-23 16:59:18 provname=贵州,obtid=57839,cityname=黎平,lat=26.14,lon=109.08,height=568.8
2025-12-23 16:59:18 provname=贵州,obtid=57840,cityname=天柱,lat=26.54,lon=109.12,height=401.4
2025-12-23 16:59:18 provname=贵州,obtid=57902,cityname=兴仁,lat=25.26,lon=105.11,height=1378.5
2025-12-23 16:59:18 provname=贵州,obtid=57906,cityname=望谟,lat=25.11,lon=106.05,height=566.8
2025-12-23 16:59:18 provname=贵州,obtid=57907,cityname=兴义,lat=25.05,lon=104.54,height=1299.6
2025-12-23 16:59:18 provname=贵州,obtid=57910,cityname=紫云,lat=25.46,lon=106.05,height=1197.6
2025-12-23 16:59:18 provname=贵州,obtid=57912,cityname=惠水,lat=26.08,lon=106.38,height=990.9
2025-12-23 16:59:18 provname=贵州,obtid=57916,cityname=罗甸,lat=25.26,lon=106.46,height=440.3
2025-12-23 16:59:18 provname=贵州,obtid=57922,cityname=独山,lat=25.5,lon=107.33,height=1013.3
2025-12-23 16:59:18 provname=贵州,obtid=57926,cityname=荔波,lat=25.25,lon=107.53,height=428.7
2025-12-23 16:59:18 provname=贵州,obtid=57932,cityname=榕江,lat=25.56,lon=108.31,height=285.7
2025-12-23 16:59:18 provname=海南,obtid=59758,cityname=海口,lat=20,lon=110.15,height=63.5
2025-12-23 16:59:18 provname=海南,obtid=59838,cityname=东方,lat=19.06,lon=108.37,height=7.6
2025-12-23 16:59:18 provname=海南,obtid=59845,cityname=儋州,lat=19.31,lon=109.35,height=169
2025-12-23 16:59:18 provname=海南,obtid=59849,cityname=琼中,lat=19.02,lon=109.5,height=250.9
2025-12-23 16:59:18 provname=海南,obtid=59855,cityname=琼海,lat=19.14,lon=110.28,height=24
2025-12-23 16:59:18 provname=海南,obtid=59948,cityname=三亚,lat=18.13,lon=109.35,height=419.4
2025-12-23 16:59:18 provname=海南,obtid=59954,cityname=陵水,lat=18.33,lon=110.02,height=35.2
2025-12-23 16:59:18 provname=海南,obtid=59981,cityname=西沙,lat=16.5,lon=112.2,height=4.7
2025-12-23 16:59:18 provname=河北,obtid=53399,cityname=张北,lat=41.09,lon=114.42,height=1393.3
2025-12-23 16:59:18 provname=河北,obtid=53593,cityname=蔚县,lat=39.5,lon=114.34,height=909.5
2025-12-23 16:59:18 provname=河北,obtid=53698,cityname=石家庄,lat=38.04,lon=114.21,height=103.6
2025-12-23 16:59:18 provname=河北,obtid=53798,cityname=邢台,lat=37.11,lon=114.22,height=183
2025-12-23 16:59:18 provname=河北,obtid=54308,cityname=丰宁,lat=41.12,lon=116.38,height=735.1
2025-12-23 16:59:18 provname=河北,obtid=54311,cityname=围场,lat=41.58,lon=117.46,height=892.7
2025-12-23 16:59:18 provname=河北,obtid=54401,cityname=张家口,lat=40.46,lon=114.55,height=772.8
2025-12-23 16:59:18 provname=河北,obtid=54405,cityname=怀来,lat=40.25,lon=115.3,height=570.9
2025-12-23 16:59:18 provname=河北,obtid=54423,cityname=承德,lat=40.58,lon=117.55,height=422.3
2025-12-23 16:59:18 provname=河北,obtid=54429,cityname=遵化,lat=40.12,lon=117.57,height=54.9
2025-12-23 16:59:18 provname=河北,obtid=54436,cityname=青龙,lat=40.25,lon=118.57,height=254.3
2025-12-23 16:59:18 provname=河北,obtid=54449,cityname=秦皇岛,lat=39.51,lon=119.31,height=2.4
2025-12-23 16:59:18 provname=河北,obtid=54518,cityname=霸州,lat=39.1,lon=116.24,height=8.9
2025-12-23 16:59:18 provname=河北,obtid=54534,cityname=唐山,lat=39.39,lon=118.06,height=23.2
2025-12-23 16:59:18 provname=河北,obtid=54535,cityname=唐海,lat=39.17,lon=118.28,height=3.2
2025-12-23 16:59:18 provname=河北,obtid=54539,cityname=乐亭,lat=39.26,lon=118.53,height=8.5
2025-12-23 16:59:18 provname=河北,obtid=54602,cityname=保定,lat=38.44,lon=115.29,height=16.8
2025-12-23 16:59:18 provname=河北,obtid=54606,cityname=饶阳,lat=38.14,lon=115.44,height=17.9
2025-12-23 16:59:18 provname=河北,obtid=54618,cityname=泊头,lat=38.05,lon=116.33,height=13.2
2025-12-23 16:59:18 provname=河北,obtid=54624,cityname=黄骅,lat=38.24,lon=117.19,height=4.5
2025-12-23 16:59:18 provname=河北,obtid=54705,cityname=南宫,lat=37.22,lon=115.23,height=27.4
2025-12-23 16:59:18 provname=河南,obtid=53898,cityname=安阳,lat=36.03,lon=114.08,height=194.8
2025-12-23 16:59:18 provname=河南,obtid=53986,cityname=新乡,lat=35.19,lon=113.53,height=73.2
2025-12-23 16:59:18 provname=河南,obtid=57051,cityname=三门峡,lat=34.48,lon=111.12,height=409.9
2025-12-23 16:59:18 provname=河南,obtid=57067,cityname=卢氏,lat=34.05,lon=111.04,height=658.5
2025-12-23 16:59:18 provname=河南,obtid=57071,cityname=孟津,lat=34.49,lon=112.26,height=333.3
2025-12-23 16:59:18 provname=河南,obtid=57077,cityname=栾川,lat=33.47,lon=111.39,height=742.4
2025-12-23 16:59:18 provname=河南,obtid=57083,cityname=郑州,lat=34.43,lon=113.39,height=110.4
2025-12-23 16:59:18 provname=河南,obtid=57084,cityname=嵩山,lat=34.3,lon=113.03,height=1178.4
2025-12-23 16:59:18 provname=河南,obtid=57089,cityname=许昌,lat=34.04,lon=113.56,height=67.2
2025-12-23 16:59:18 provname=河南,obtid=57091,cityname=开封,lat=34.47,lon=114.18,height=73.7
2025-12-23 16:59:18 provname=河南,obtid=57156,cityname=西峡,lat=33.18,lon=111.3,height=250.3
2025-12-23 16:59:18 provname=河南,obtid=57178,cityname=南阳,lat=33.06,lon=112.29,height=180.6
2025-12-23 16:59:18 provname=河南,obtid=57181,cityname=宝丰,lat=33.53,lon=113.03,height=136.4
2025-12-23 16:59:18 provname=河南,obtid=57193,cityname=西华,lat=33.47,lon=114.31,height=52.6
2025-12-23 16:59:18 provname=河南,obtid=57285,cityname=桐柏,lat=32.23,lon=113.25,height=153
2025-12-23 16:59:18 provname=河南,obtid=57290,cityname=驻马店,lat=32.56,lon=113.55,height=106.2
2025-12-23 16:59:18 provname=河南,obtid=57297,cityname=信阳,lat=32.08,lon=114.03,height=114.5
2025-12-23 16:59:18 provname=河南,obtid=58005,cityname=商丘,lat=34.26,lon=115.32,height=50.8
2025-12-23 16:59:18 provname=河南,obtid=58111,cityname=永城,lat=33.58,lon=116.27,height=32.5
2025-12-23 16:59:18 provname=河南,obtid=58208,cityname=固始,lat=32.1,lon=115.37,height=42.9
2025-12-23 16:59:18 provname=黑龙江,obtid=50136,cityname=漠河,lat=52.58,lon=122.31,height=438.5
2025-12-23 16:59:18 provname=黑龙江,obtid=50246,cityname=塔河,lat=52.21,lon=124.43,height=361.9
2025-12-23 16:59:18 provname=黑龙江,obtid=50247,cityname=呼中,lat=52.02,lon=123.34,height=514.5
2025-12-23 16:59:18 provname=黑龙江,obtid=50349,cityname=新林,lat=51.4,lon=124.24,height=501.5
2025-12-23 16:59:18 provname=黑龙江,obtid=50353,cityname=呼玛,lat=51.44,lon=126.38,height=173.9
2025-12-23 16:59:18 provname=黑龙江,obtid=50442,cityname=加格达奇,lat=50.24,lon=124.07,height=371.7
2025-12-23 16:59:18 provname=黑龙江,obtid=50468,cityname=爱辉,lat=50.15,lon=127.27,height=166.4
2025-12-23 16:59:18 provname=黑龙江,obtid=50557,cityname=嫩江,lat=49.1,lon=125.14,height=242.2
2025-12-23 16:59:18 provname=黑龙江,obtid=50564,cityname=孙吴,lat=49.26,lon=127.21,height=234.5
2025-12-23 16:59:18 provname=黑龙江,obtid=50656,cityname=北安,lat=48.15,lon=126.3,height=278.4
2025-12-23 16:59:18 provname=黑龙江,obtid=50658,cityname=克山,lat=48.03,lon=125.53,height=236
2025-12-23 16:59:18 provname=黑龙江,obtid=50674,cityname=乌伊岭,lat=48.34,lon=129.26,height=404.5
2025-12-23 16:59:18 provname=黑龙江,obtid=50739,cityname=龙江,lat=47.18,lon=123.15,height=209.3
2025-12-23 16:59:18 provname=黑龙江,obtid=50742,cityname=富裕,lat=47.48,lon=124.29,height=162.7
2025-12-23 16:59:18 provname=黑龙江,obtid=50745,cityname=齐齐哈尔,lat=47.23,lon=123.55,height=147.1
2025-12-23 16:59:18 provname=黑龙江,obtid=50756,cityname=海伦,lat=47.27,lon=126.52,height=247.3
2025-12-23 16:59:18 provname=黑龙江,obtid=50758,cityname=明水,lat=47.11,lon=125.54,height=246
2025-12-23 16:59:18 provname=黑龙江,obtid=50774,cityname=伊春,lat=47.42,lon=128.5,height=264.8
2025-12-23 16:59:18 provname=黑龙江,obtid=50778,cityname=同江,lat=47.4,lon=132.32,height=57.5
2025-12-23 16:59:18 provname=黑龙江,obtid=50788,cityname=富锦,lat=47.14,lon=131.59,height=66.4
2025-12-23 16:59:18 provname=黑龙江,obtid=50844,cityname=泰来,lat=46.24,lon=123.27,height=138.8
2025-12-23 16:59:18 provname=黑龙江,obtid=50853,cityname=北林,lat=46.37,lon=126.58,height=179.6
2025-12-23 16:59:18 provname=黑龙江,obtid=50854,cityname=安达,lat=46.23,lon=125.19,height=149.3
2025-12-23 16:59:18 provname=黑龙江,obtid=50862,cityname=铁力,lat=46.59,lon=127.59,height=206
2025-12-23 16:59:18 provname=黑龙江,obtid=50873,cityname=佳木斯,lat=46.47,lon=130.18,height=82
2025-12-23 16:59:18 provname=黑龙江,obtid=50877,cityname=依兰,lat=46.18,lon=129.35,height=100.1
2025-12-23 16:59:18 provname=黑龙江,obtid=50888,cityname=宝清,lat=46.23,lon=132.1,height=79.6
2025-12-23 16:59:18 provname=黑龙江,obtid=50950,cityname=肇州,lat=45.42,lon=125.15,height=148.7
2025-12-23 16:59:18 provname=黑龙江,obtid=50953,cityname=哈尔滨,lat=45.56,lon=126.34,height=118.3
2025-12-23 16:59:18 provname=黑龙江,obtid=50955,cityname=双城,lat=45.24,lon=126.19,height=168.3
2025-12-23 16:59:18 provname=黑龙江,obtid=50963,cityname=通河,lat=45.58,lon=128.44,height=108.6
2025-12-23 16:59:18 provname=黑龙江,obtid=50968,cityname=尚志,lat=45.13,lon=127.58,height=189.7
2025-12-23 16:59:18 provname=黑龙江,obtid=50973,cityname=勃利,lat=45.45,lon=130.36,height=234.4
2025-12-23 16:59:18 provname=黑龙江,obtid=50978,cityname=鸡西,lat=45.18,lon=130.55,height=272.5
2025-12-23 16:59:18 provname=黑龙江,obtid=50983,cityname=虎林,lat=45.46,lon=132.58,height=100.2
2025-12-23 16:59:18 provname=黑龙江,obtid=54094,cityname=牡丹江,lat=44.3,lon=129.4,height=305.7
2025-12-23 16:59:18 provname=黑龙江,obtid=54096,cityname=绥芬河,lat=44.23,lon=131.1,height=567.8
2025-12-23 16:59:18 provname=湖北,obtid=57251,cityname=郧西,lat=33,lon=110.24,height=317.3
2025-12-23 16:59:18 provname=湖北,obtid=57256,cityname=十堰,lat=32.39,lon=110.47,height=286.5
2025-12-23 16:59:18 provname=湖北,obtid=57259,cityname=房县,lat=32.02,lon=110.46,height=426.9
2025-12-23 16:59:18 provname=湖北,obtid=57265,cityname=老河口,lat=32.26,lon=111.44,height=132.1
2025-12-23 16:59:18 provname=湖北,obtid=57278,cityname=襄樊,lat=32,lon=112.05,height=163.4
2025-12-23 16:59:18 provname=湖北,obtid=57279,cityname=枣阳,lat=32.09,lon=112.45,height=125.5
2025-12-23 16:59:18 provname=湖北,obtid=57355,cityname=巴东,lat=31.02,lon=110.22,height=334
2025-12-23 16:59:18 provname=湖北,obtid=57358,cityname=秭归,lat=30.5,lon=110.58,height=295.5
2025-12-23 16:59:18 provname=湖北,obtid=57359,cityname=兴山,lat=31.21,lon=110.44,height=336.8
2025-12-23 16:59:18 provname=湖北,obtid=57363,cityname=南漳,lat=31.48,lon=111.5,height=151
2025-12-23 16:59:18 provname=湖北,obtid=57378,cityname=钟祥,lat=31.11,lon=112.37,height=108
2025-12-23 16:59:18 provname=湖北,obtid=57381,cityname=随州,lat=31.37,lon=113.2,height=116.3
2025-12-23 16:59:18 provname=湖北,obtid=57395,cityname=大悟,lat=31.34,lon=114.07,height=74.9
2025-12-23 16:59:18 provname=湖北,obtid=57399,cityname=麻城,lat=31.08,lon=114.57,height=74.3
2025-12-23 16:59:18 provname=湖北,obtid=57439,cityname=利川,lat=30.17,lon=108.56,height=1074.1
2025-12-23 16:59:18 provname=湖北,obtid=57445,cityname=建始,lat=30.36,lon=109.43,height=609.2
2025-12-23 16:59:18 provname=湖北,obtid=57447,cityname=恩施,lat=30.17,lon=109.28,height=457.1
2025-12-23 16:59:18 provname=湖北,obtid=57458,cityname=五峰,lat=30.12,lon=110.4,height=619.9
2025-12-23 16:59:18 provname=湖北,obtid=57461,cityname=宜昌,lat=30.44,lon=111.22,height=256.5
2025-12-23 16:59:18 provname=湖北,obtid=57476,cityname=荆州,lat=30.21,lon=112.09,height=31.8
2025-12-23 16:59:18 provname=湖北,obtid=57482,cityname=孝感,lat=30.54,lon=113.57,height=25.5
2025-12-23 16:59:18 provname=湖北,obtid=57483,cityname=天门,lat=30.4,lon=113.08,height=31.9
2025-12-23 16:59:18 provname=湖北,obtid=57493,cityname=江夏,lat=30.21,lon=114.2,height=73.5
2025-12-23 16:59:18 provname=湖北,obtid=57494,cityname=武汉,lat=30.36,lon=114.03,height=23.6
2025-12-23 16:59:18 provname=湖北,obtid=57545,cityname=来凤,lat=29.32,lon=109.25,height=502.8
2025-12-23 16:59:18 provname=湖北,obtid=57573,cityname=监利,lat=29.5,lon=112.54,height=30
2025-12-23 16:59:18 provname=湖北,obtid=57581,cityname=洪湖,lat=29.49,lon=113.27,height=27.4
2025-12-23 16:59:18 provname=湖北,obtid=57583,cityname=嘉鱼,lat=29.55,lon=113.58,height=61.7
2025-12-23 16:59:18 provname=湖北,obtid=57595,cityname=通山,lat=29.36,lon=114.3,height=76.1
2025-12-23 16:59:18 provname=湖北,obtid=58402,cityname=英山,lat=30.44,lon=115.4,height=123.8
2025-12-23 16:59:18 provname=湖北,obtid=58407,cityname=黄石,lat=30.14,lon=115.02,height=32.2
2025-12-23 16:59:18 provname=湖北,obtid=58500,cityname=阳新,lat=29.54,lon=115.13,height=57
2025-12-23 16:59:18 provname=湖南,obtid=57554,cityname=桑植,lat=29.24,lon=110.1,height=322.2
2025-12-23 16:59:18 provname=湖南,obtid=57562,cityname=石门,lat=29.35,lon=111.22,height=116.9
2025-12-23 16:59:18 provname=湖南,obtid=57574,cityname=南县,lat=29.22,lon=112.24,height=36
2025-12-23 16:59:18 provname=湖南,obtid=57584,cityname=岳阳,lat=29.23,lon=113.05,height=53
2025-12-23 16:59:18 provname=湖南,obtid=57642,cityname=保靖,lat=28.42,lon=109.39,height=325.3
2025-12-23 16:59:18 provname=湖南,obtid=57649,cityname=吉首,lat=28.14,lon=109.41,height=254.6
2025-12-23 16:59:18 provname=湖南,obtid=57655,cityname=沅陵,lat=28.28,lon=110.24,height=151.6
2025-12-23 16:59:18 provname=湖南,obtid=57662,cityname=常德,lat=29.07,lon=111.41,height=150.6
2025-12-23 16:59:18 provname=湖南,obtid=57669,cityname=安化,lat=28.23,lon=111.13,height=128.3
2025-12-23 16:59:18 provname=湖南,obtid=57671,cityname=沅江,lat=28.51,lon=112.22,height=37
2025-12-23 16:59:18 provname=湖南,obtid=57673,cityname=湘阴,lat=28.41,lon=112.53,height=53.2
2025-12-23 16:59:18 provname=湖南,obtid=57679,cityname=马坡岭,lat=28.12,lon=113.11,height=101.4
2025-12-23 16:59:18 provname=湖南,obtid=57682,cityname=平江,lat=28.43,lon=113.34,height=106.3
2025-12-23 16:59:18 provname=湖南,obtid=57687,cityname=长沙,lat=28.06,lon=112.47,height=119
2025-12-23 16:59:18 provname=湖南,obtid=57745,cityname=芷江,lat=27.27,lon=109.41,height=272.2
2025-12-23 16:59:18 provname=湖南,obtid=57749,cityname=怀化,lat=27.34,lon=110,height=257.8
2025-12-23 16:59:18 provname=湖南,obtid=57752,cityname=溆浦,lat=27.55,lon=110.36,height=204
2025-12-23 16:59:18 provname=湖南,obtid=57758,cityname=洞口,lat=27.02,lon=110.36,height=339.5
2025-12-23 16:59:18 provname=湖南,obtid=57761,cityname=新化,lat=27.45,lon=111.18,height=211.9
2025-12-23 16:59:18 provname=湖南,obtid=57766,cityname=邵阳市,lat=27.11,lon=111.27,height=311
2025-12-23 16:59:18 provname=湖南,obtid=57774,cityname=双峰,lat=27.27,lon=112.1,height=100
2025-12-23 16:59:18 provname=湖南,obtid=57776,cityname=南岳,lat=27.18,lon=112.42,height=1265.9
2025-12-23 16:59:18 provname=湖南,obtid=57779,cityname=攸县,lat=27,lon=113.21,height=102.5
2025-12-23 16:59:18 provname=湖南,obtid=57780,cityname=株洲,lat=27.52,lon=113.1,height=74.6
2025-12-23 16:59:18 provname=湖南,obtid=57841,cityname=靖州,lat=26.34,lon=109.4,height=320.3
2025-12-23 16:59:18 provname=湖南,obtid=57845,cityname=通道,lat=26.1,lon=109.47,height=397.5
2025-12-23 16:59:18 provname=湖南,obtid=57853,cityname=武冈,lat=26.44,lon=110.38,height=341
2025-12-23 16:59:18 provname=湖南,obtid=57857,cityname=城步,lat=26.22,lon=110.19,height=477.7
2025-12-23 16:59:18 provname=湖南,obtid=57860,cityname=邵阳县,lat=27,lon=111.17,height=283.3
2025-12-23 16:59:18 provname=湖南,obtid=57866,cityname=永州,lat=26.14,lon=111.37,height=172.6
2025-12-23 16:59:18 provname=湖南,obtid=57872,cityname=衡阳市,lat=26.53,lon=112.36,height=104.9
2025-12-23 16:59:18 provname=湖南,obtid=57874,cityname=常宁,lat=26.25,lon=112.24,height=116.6
2025-12-23 16:59:18 provname=湖南,obtid=57889,cityname=桂东,lat=26.05,lon=113.57,height=835.9
2025-12-23 16:59:18 provname=湖南,obtid=57965,cityname=道县,lat=25.32,lon=111.36,height=192.2
2025-12-23 16:59:18 provname=湖南,obtid=57972,cityname=郴州,lat=25.44,lon=112.58,height=368.8
2025-12-23 16:59:18 provname=湖南,obtid=57974,cityname=嘉禾,lat=25.35,lon=112.22,height=214.5
2025-12-23 16:59:18 provname=吉林,obtid=50936,cityname=白城,lat=45.38,lon=122.5,height=155.3
2025-12-23 16:59:18 provname=吉林,obtid=50945,cityname=大安,lat=45.3,lon=124.14,height=138.1
2025-12-23 16:59:18 provname=吉林,obtid=50948,cityname=乾安,lat=45,lon=124.01,height=146.3
2025-12-23 16:59:18 provname=吉林,obtid=50949,cityname=前郭,lat=45.05,lon=124.52,height=136.2
2025-12-23 16:59:18 provname=吉林,obtid=54041,cityname=通榆,lat=44.48,lon=123.04,height=150
2025-12-23 16:59:18 provname=吉林,obtid=54049,cityname=长岭,lat=44.15,lon=123.58,height=188.9
2025-12-23 16:59:18 provname=吉林,obtid=54063,cityname=扶余,lat=44.58,lon=126,height=196.8
2025-12-23 16:59:18 provname=吉林,obtid=54064,cityname=农安,lat=44.23,lon=125.09,height=170.2
2025-12-23 16:59:18 provname=吉林,obtid=54142,cityname=双辽,lat=43.3,lon=123.32,height=114.9
2025-12-23 16:59:18 provname=吉林,obtid=54157,cityname=四平,lat=43.07,lon=124.23,height=179.5
2025-12-23 16:59:18 provname=吉林,obtid=54161,cityname=长春,lat=43.54,lon=125.13,height=236.8
2025-12-23 16:59:18 provname=吉林,obtid=54165,cityname=双阳,lat=43.33,lon=125.38,height=219.5
2025-12-23 16:59:18 provname=吉林,obtid=54171,cityname=永吉,lat=43.42,lon=126.31,height=229.5
2025-12-23 16:59:18 provname=吉林,obtid=54181,cityname=蛟河,lat=43.42,lon=127.2,height=295
2025-12-23 16:59:18 provname=吉林,obtid=54186,cityname=敦化,lat=43.22,lon=128.12,height=524.9
2025-12-23 16:59:18 provname=吉林,obtid=54195,cityname=汪清,lat=43.18,lon=129.47,height=244.8
2025-12-23 16:59:18 provname=吉林,obtid=54260,cityname=辽源,lat=42.55,lon=125.05,height=252.9
2025-12-23 16:59:18 provname=吉林,obtid=54263,cityname=磐石,lat=42.58,lon=126.05,height=351.2
2025-12-23 16:59:18 provname=吉林,obtid=54266,cityname=梅河口,lat=42.32,lon=125.38,height=340.5
2025-12-23 16:59:18 provname=吉林,obtid=54273,cityname=桦甸,lat=42.59,lon=126.45,height=263.3
2025-12-23 16:59:18 provname=吉林,obtid=54276,cityname=靖宇,lat=42.24,lon=126.48,height=570
2025-12-23 16:59:18 provname=吉林,obtid=54284,cityname=东岗,lat=42.09,lon=127.3,height=774.2
2025-12-23 16:59:18 provname=吉林,obtid=54285,cityname=二道,lat=42.25,lon=128.07,height=721.4
2025-12-23 16:59:18 provname=吉林,obtid=54286,cityname=和龙?,lat=42.32,lon=129,height=475.6
2025-12-23 16:59:18 provname=吉林,obtid=54292,cityname=延吉,lat=42.52,lon=129.3,height=257.3
2025-12-23 16:59:18 provname=吉林,obtid=54363,cityname=通化?,lat=41.41,lon=125.54,height=402.9
2025-12-23 16:59:18 provname=吉林,obtid=54374,cityname=临江,lat=41.48,lon=126.53,height=379.7
2025-12-23 16:59:18 provname=吉林,obtid=54377,cityname=集安,lat=41.09,lon=126.13,height=225.1
2025-12-23 16:59:18 provname=吉林,obtid=54386,cityname=长白,lat=41.25,lon=128.11,height=775
2025-12-23 16:59:18 provname=江苏,obtid=58026,cityname=邳州,lat=34.24,lon=118.01,height=25.7
2025-12-23 16:59:18 provname=江苏,obtid=58027,cityname=徐州,lat=34.17,lon=117.09,height=41.2
2025-12-23 16:59:18 provname=江苏,obtid=58038,cityname=沭阳,lat=34.05,lon=118.47,height=10.4
2025-12-23 16:59:18 provname=江苏,obtid=58040,cityname=赣榆,lat=34.51,lon=119.08,height=5.3
2025-12-23 16:59:18 provname=江苏,obtid=58047,cityname=灌云,lat=34.15,lon=119.14,height=4.8
2025-12-23 16:59:18 provname=江苏,obtid=58130,cityname=睢宁,lat=33.56,lon=117.57,height=23.8
2025-12-23 16:59:18 provname=江苏,obtid=58135,cityname=泗洪,lat=33.29,lon=118.13,height=16.9
2025-12-23 16:59:18 provname=江苏,obtid=58138,cityname=盱眙,lat=32.59,lon=118.31,height=40.8
2025-12-23 16:59:18 provname=江苏,obtid=58141,cityname=淮安,lat=33.38,lon=118.56,height=12.5
2025-12-23 16:59:18 provname=江苏,obtid=58143,cityname=阜宁,lat=33.48,lon=119.51,height=4.8
2025-12-23 16:59:18 provname=江苏,obtid=58150,cityname=射阳,lat=33.45,lon=120.18,height=1.8
2025-12-23 16:59:18 provname=江苏,obtid=58158,cityname=大丰,lat=33.1,lon=120.27,height=3.1
2025-12-23 16:59:18 provname=江苏,obtid=58238,cityname=南京,lat=31.56,lon=118.54,height=35.2
2025-12-23 16:59:18 provname=江苏,obtid=58241,cityname=高邮,lat=32.48,lon=119.27,height=5.4
2025-12-23 16:59:18 provname=江苏,obtid=58251,cityname=东台,lat=32.51,lon=120.17,height=3.3
2025-12-23 16:59:18 provname=江苏,obtid=58252,cityname=丹徒,lat=32.11,lon=119.28,height=27.3
2025-12-23 16:59:18 provname=江苏,obtid=58255,cityname=如皋,lat=32.22,lon=120.34,height=6.4
2025-12-23 16:59:18 provname=江苏,obtid=58259,cityname=南通,lat=32.05,lon=120.59,height=4.8
2025-12-23 16:59:18 provname=江苏,obtid=58265,cityname=吕泗,lat=32.04,lon=121.36,height=3.6
2025-12-23 16:59:18 provname=江苏,obtid=58343,cityname=常州,lat=31.52,lon=119.59,height=4.4
2025-12-23 16:59:18 provname=江苏,obtid=58345,cityname=溧阳,lat=31.26,lon=119.3,height=5.9
2025-12-23 16:59:18 provname=江苏,obtid=58354,cityname=无锡,lat=31.37,lon=120.21,height=3.2
2025-12-23 16:59:18 provname=江苏,obtid=58356,cityname=昆山,lat=31.24,lon=121,height=3.2
2025-12-23 16:59:18 provname=江苏,obtid=58358,cityname=东山,lat=31.04,lon=120.26,height=16.7
2025-12-23 16:59:18 provname=江西,obtid=57598,cityname=修水,lat=29.02,lon=114.35,height=146.8
2025-12-23 16:59:18 provname=江西,obtid=57696,cityname=宜丰,lat=28.24,lon=114.47,height=91.7
2025-12-23 16:59:18 provname=江西,obtid=57789,cityname=莲花,lat=27.08,lon=113.57,height=194.5
2025-12-23 16:59:18 provname=江西,obtid=57793,cityname=宜春,lat=27.48,lon=114.23,height=131.3
2025-12-23 16:59:18 provname=江西,obtid=57799,cityname=吉安县,lat=27.03,lon=114.55,height=71.2
2025-12-23 16:59:18 provname=江西,obtid=57894,cityname=井冈山,lat=26.35,lon=114.1,height=843
2025-12-23 16:59:18 provname=江西,obtid=57896,cityname=遂川,lat=26.2,lon=114.3,height=126.1
2025-12-23 16:59:18 provname=江西,obtid=57993,cityname=赣县,lat=25.52,lon=115,height=137.5
2025-12-23 16:59:18 provname=江西,obtid=58506,cityname=庐山,lat=29.34,lon=115.59,height=1164.5
2025-12-23 16:59:18 provname=江西,obtid=58507,cityname=武宁,lat=29.15,lon=115.07,height=116
2025-12-23 16:59:18 provname=江西,obtid=58519,cityname=波阳,lat=29,lon=116.41,height=40.1
2025-12-23 16:59:18 provname=江西,obtid=58527,cityname=景德镇,lat=29.18,lon=117.12,height=61.5
2025-12-23 16:59:18 provname=江西,obtid=58600,cityname=靖安,lat=28.52,lon=115.22,height=78.9
2025-12-23 16:59:18 provname=江西,obtid=58606,cityname=南昌,lat=28.36,lon=115.55,height=46.9
2025-12-23 16:59:18 provname=江西,obtid=58608,cityname=樟树,lat=28.04,lon=115.33,height=30.4
2025-12-23 16:59:18 provname=江西,obtid=58622,cityname=德兴,lat=28.57,lon=117.35,height=88.5
2025-12-23 16:59:18 provname=江西,obtid=58626,cityname=贵溪,lat=28.18,lon=117.14,height=60.8
2025-12-23 16:59:18 provname=江西,obtid=58634,cityname=玉山,lat=28.41,lon=118.15,height=116.3
2025-12-23 16:59:18 provname=江西,obtid=58637,cityname=上饶,lat=28.27,lon=117.59,height=118.2
2025-12-23 16:59:18 provname=江西,obtid=58705,cityname=永丰,lat=27.2,lon=115.25,height=85.7
2025-12-23 16:59:18 provname=江西,obtid=58715,cityname=南城,lat=27.35,lon=116.39,height=80.8
2025-12-23 16:59:18 provname=江西,obtid=58718,cityname=南丰,lat=27.13,lon=116.32,height=111.5
2025-12-23 16:59:18 provname=江西,obtid=58806,cityname=宁都,lat=26.29,lon=116.01,height=209.1
2025-12-23 16:59:18 provname=江西,obtid=58813,cityname=广昌,lat=26.51,lon=116.2,height=143.8
2025-12-23 16:59:18 provname=江西,obtid=59092,cityname=龙南,lat=24.52,lon=114.48,height=250.2
2025-12-23 16:59:18 provname=江西,obtid=59102,cityname=寻乌,lat=24.57,lon=115.39,height=303.9
2025-12-23 16:59:18 provname=辽宁,obtid=54236,cityname=彰武,lat=42.23,lon=122.33,height=79.4
2025-12-23 16:59:18 provname=辽宁,obtid=54237,cityname=阜新,lat=42.04,lon=121.45,height=167.8
2025-12-23 16:59:18 provname=辽宁,obtid=54243,cityname=昌图,lat=42.47,lon=124.06,height=165.1
2025-12-23 16:59:18 provname=辽宁,obtid=54254,cityname=开原,lat=42.32,lon=124.03,height=98.2
2025-12-23 16:59:18 provname=辽宁,obtid=54259,cityname=清原,lat=42.04,lon=124.52,height=224
2025-12-23 16:59:18 provname=辽宁,obtid=54324,cityname=朝阳,lat=41.33,lon=120.26,height=174.3
2025-12-23 16:59:18 provname=辽宁,obtid=54326,cityname=建平县,lat=41.25,lon=119.37,height=462.2
2025-12-23 16:59:18 provname=辽宁,obtid=54333,cityname=新民,lat=41.58,lon=122.51,height=30.9
2025-12-23 16:59:18 provname=辽宁,obtid=54334,cityname=义县,lat=41.31,lon=121.15,height=74.2
2025-12-23 16:59:18 provname=辽宁,obtid=54335,cityname=黑山,lat=41.41,lon=122.05,height=37.5
2025-12-23 16:59:18 provname=辽宁,obtid=54337,cityname=锦州,lat=41.08,lon=121.07,height=65.9
2025-12-23 16:59:18 provname=辽宁,obtid=54339,cityname=鞍山,lat=41.05,lon=123,height=77.3
2025-12-23 16:59:18 provname=辽宁,obtid=54342,cityname=沈阳,lat=41.44,lon=123.31,height=49
2025-12-23 16:59:18 provname=辽宁,obtid=54346,cityname=本溪,lat=41.18,lon=123.47,height=185.4
2025-12-23 16:59:18 provname=辽宁,obtid=54349,cityname=本溪县,lat=41.18,lon=124.08,height=258.9
2025-12-23 16:59:18 provname=辽宁,obtid=54351,cityname=抚顺,lat=41.55,lon=124.04,height=118.5
2025-12-23 16:59:18 provname=辽宁,obtid=54353,cityname=新宾,lat=41.44,lon=125.03,height=328.4
2025-12-23 16:59:18 provname=辽宁,obtid=54365,cityname=桓仁,lat=41.17,lon=125.21,height=245.5
2025-12-23 16:59:18 provname=辽宁,obtid=54452,cityname=建昌,lat=40.48,lon=119.48,height=367
2025-12-23 16:59:18 provname=辽宁,obtid=54454,cityname=绥中,lat=40.2,lon=120.18,height=29
2025-12-23 16:59:18 provname=辽宁,obtid=54455,cityname=兴城,lat=40.37,lon=120.39,height=20.5
2025-12-23 16:59:18 provname=辽宁,obtid=54470,cityname=大洼,lat=41.01,lon=122.03,height=5.5
2025-12-23 16:59:18 provname=辽宁,obtid=54471,cityname=营口,lat=40.4,lon=122.1,height=3.8
2025-12-23 16:59:18 provname=辽宁,obtid=54472,cityname=海城,lat=40.53,lon=122.45,height=25.3
2025-12-23 16:59:18 provname=辽宁,obtid=54476,cityname=熊岳,lat=40.11,lon=122.09,height=20.4
2025-12-23 16:59:18 provname=辽宁,obtid=54486,cityname=岫岩,lat=40.2,lon=123.17,height=97.7
2025-12-23 16:59:18 provname=辽宁,obtid=54493,cityname=宽甸,lat=40.43,lon=124.47,height=260.1
2025-12-23 16:59:18 provname=辽宁,obtid=54497,cityname=丹东,lat=40.02,lon=124.2,height=13.8
2025-12-23 16:59:18 provname=辽宁,obtid=54563,cityname=瓦房店,lat=39.38,lon=122.01,height=118.7
2025-12-23 16:59:18 provname=辽宁,obtid=54579,cityname=长海,lat=39.16,lon=122.35,height=35.5
2025-12-23 16:59:18 provname=辽宁,obtid=54584,cityname=庄河,lat=39.43,lon=122.57,height=34.8
2025-12-23 16:59:18 provname=辽宁,obtid=54660,cityname=旅顺,lat=38.49,lon=121.14,height=66.7
2025-12-23 16:59:18 provname=辽宁,obtid=54662,cityname=大连,lat=38.55,lon=121.38,height=91.5
2025-12-23 16:59:18 provname=内蒙古,obtid=50425,cityname=额尔古纳市,lat=50.15,lon=120.11,height=581.4
2025-12-23 16:59:18 provname=内蒙古,obtid=50434,cityname=图里河,lat=50.29,lon=121.41,height=732.6
2025-12-23 16:59:18 provname=内蒙古,obtid=50514,cityname=满洲里,lat=49.35,lon=117.19,height=661.8
2025-12-23 16:59:18 provname=内蒙古,obtid=50527,cityname=海拉尔,lat=49.15,lon=119.42,height=649.6
2025-12-23 16:59:18 provname=内蒙古,obtid=50548,cityname=小二沟,lat=49.12,lon=123.43,height=286.1
2025-12-23 16:59:18 provname=内蒙古,obtid=50603,cityname=新巴尔虎右旗,lat=48.41,lon=116.49,height=542.4
2025-12-23 16:59:18 provname=内蒙古,obtid=50618,cityname=新巴尔虎左旗,lat=48.13,lon=118.16,height=642
2025-12-23 16:59:18 provname=内蒙古,obtid=50632,cityname=博克图,lat=48.46,lon=121.55,height=739.7
2025-12-23 16:59:18 provname=内蒙古,obtid=50639,cityname=扎兰屯,lat=48,lon=122.44,height=306.5
2025-12-23 16:59:18 provname=内蒙古,obtid=50727,cityname=阿尔山,lat=47.1,lon=119.56,height=997.2
2025-12-23 16:59:18 provname=内蒙古,obtid=50834,cityname=索伦,lat=46.36,lon=121.13,height=499.7
2025-12-23 16:59:18 provname=内蒙古,obtid=50838,cityname=乌兰浩特,lat=46.05,lon=122.03,height=274.7
2025-12-23 16:59:18 provname=内蒙古,obtid=50915,cityname=东乌珠穆沁,lat=45.31,lon=116.58,height=838.9
2025-12-23 16:59:18 provname=内蒙古,obtid=50924,cityname=霍林郭勒,lat=45.33,lon=119.39,height=860
2025-12-23 16:59:18 provname=内蒙古,obtid=52267,cityname=额济纳旗,lat=41.57,lon=101.04,height=940.5
2025-12-23 16:59:18 provname=内蒙古,obtid=52495,cityname=巴彦诺尔公,lat=40.1,lon=104.48,height=1323.9
2025-12-23 16:59:18 provname=内蒙古,obtid=52576,cityname=阿右旗,lat=39.13,lon=101.41,height=1510.1
2025-12-23 16:59:18 provname=内蒙古,obtid=53068,cityname=二连浩特,lat=43.37,lon=111.56,height=963.1
2025-12-23 16:59:18 provname=内蒙古,obtid=53083,cityname=那仁宝力格,lat=44.37,lon=114.09,height=1181.6
2025-12-23 16:59:18 provname=内蒙古,obtid=53149,cityname=满都拉气象站,lat=42.32,lon=110.08,height=1225.2
2025-12-23 16:59:18 provname=内蒙古,obtid=53192,cityname=阿巴嘎旗,lat=44.01,lon=115,height=1147.7
2025-12-23 16:59:18 provname=内蒙古,obtid=53195,cityname=苏尼特左旗,lat=43.51,lon=113.38,height=1036.7
2025-12-23 16:59:18 provname=内蒙古,obtid=53276,cityname=朱日和,lat=42.24,lon=112.54,height=1150.8
2025-12-23 16:59:18 provname=内蒙古,obtid=53336,cityname=乌拉特中旗,lat=41.34,lon=108.31,height=1288
2025-12-23 16:59:18 provname=内蒙古,obtid=53352,cityname=达茂旗气象局,lat=41.42,lon=110.26,height=1376.6
2025-12-23 16:59:18 provname=内蒙古,obtid=53362,cityname=四子王,lat=41.32,lon=111.41,height=1490.1
2025-12-23 16:59:18 provname=内蒙古,obtid=53367,cityname=希拉穆仁气侯站,lat=41.19,lon=111.14,height=1602.3
2025-12-23 16:59:18 provname=内蒙古,obtid=53391,cityname=化德,lat=41.54,lon=114,height=1482.7
2025-12-23 16:59:18 provname=内蒙古,obtid=53446,cityname=包头市气象台,lat=40.32,lon=109.53,height=1004.7
2025-12-23 16:59:18 provname=内蒙古,obtid=53463,cityname=呼和浩特,lat=40.51,lon=111.34,height=1153.5
2025-12-23 16:59:18 provname=内蒙古,obtid=53480,cityname=集宁,lat=41.02,lon=113.04,height=1419.3
2025-12-23 16:59:18 provname=内蒙古,obtid=53502,cityname=吉兰太,lat=39.47,lon=105.45,height=1031.8
2025-12-23 16:59:18 provname=内蒙古,obtid=53513,cityname=临河,lat=40.44,lon=107.22,height=1041.1
2025-12-23 16:59:18 provname=内蒙古,obtid=53529,cityname=鄂托克旗,lat=39.05,lon=107.58,height=1381.4
2025-12-23 16:59:18 provname=内蒙古,obtid=53543,cityname=东胜,lat=39.5,lon=109.59,height=1461.9
2025-12-23 16:59:18 provname=内蒙古,obtid=53547,cityname=乌审召,lat=39.06,lon=109.02,height=1312.2
2025-12-23 16:59:18 provname=内蒙古,obtid=53602,cityname=阿拉善左旗,lat=38.5,lon=105.4,height=1561.4
2025-12-23 16:59:18 provname=内蒙古,obtid=54012,cityname=西乌珠穆沁,lat=44.34,lon=117.38,height=1001.7
2025-12-23 16:59:18 provname=内蒙古,obtid=54026,cityname=扎鲁特,lat=44.34,lon=120.54,height=265
2025-12-23 16:59:18 provname=内蒙古,obtid=54027,cityname=巴林左旗,lat=43.59,lon=119.24,height=486.2
2025-12-23 16:59:18 provname=内蒙古,obtid=54102,cityname=锡林浩特,lat=43.57,lon=116.07,height=1003
2025-12-23 16:59:18 provname=内蒙古,obtid=54115,cityname=林西县,lat=43.38,lon=118.02,height=825
2025-12-23 16:59:18 provname=内蒙古,obtid=54134,cityname=开鲁,lat=43.36,lon=121.17,height=241
2025-12-23 16:59:18 provname=内蒙古,obtid=54135,cityname=通辽,lat=43.36,lon=122.16,height=178.7
2025-12-23 16:59:18 provname=内蒙古,obtid=54208,cityname=多伦县,lat=42.12,lon=116.28,height=1245.4
2025-12-23 16:59:18 provname=内蒙古,obtid=54213,cityname=翁牛特旗,lat=42.56,lon=119.01,height=634.3
2025-12-23 16:59:18 provname=内蒙古,obtid=54218,cityname=赤峰,lat=42.18,lon=118.5,height=668.6
2025-12-23 16:59:18 provname=内蒙古,obtid=54226,cityname=宝国吐,lat=42.2,lon=120.42,height=400.5
2025-12-23 16:59:18 provname=宁夏,obtid=53519,cityname=惠农,lat=39.13,lon=106.46,height=1092.5
2025-12-23 16:59:18 provname=宁夏,obtid=53612,cityname=吴忠,lat=37.59,lon=106.11,height=1128.8
2025-12-23 16:59:18 provname=宁夏,obtid=53614,cityname=银川,lat=38.28,lon=106.12,height=1110.9
2025-12-23 16:59:18 provname=宁夏,obtid=53615,cityname=陶乐,lat=38.48,lon=106.42,height=1101.6
2025-12-23 16:59:18 provname=宁夏,obtid=53704,cityname=中卫,lat=37.32,lon=105.11,height=1225.7
2025-12-23 16:59:18 provname=宁夏,obtid=53705,cityname=中宁,lat=37.29,lon=105.41,height=1183.4
2025-12-23 16:59:18 provname=宁夏,obtid=53723,cityname=盐池,lat=37.48,lon=107.23,height=1349.3
2025-12-23 16:59:18 provname=宁夏,obtid=53806,cityname=海原,lat=36.34,lon=105.39,height=1854.2
2025-12-23 16:59:18 provname=宁夏,obtid=53810,cityname=同心,lat=36.58,lon=105.54,height=1339.3
2025-12-23 16:59:18 provname=宁夏,obtid=53817,cityname=固原,lat=36,lon=106.16,height=1753
2025-12-23 16:59:18 provname=宁夏,obtid=53903,cityname=西吉,lat=35.58,lon=105.43,height=1916.5
2025-12-23 16:59:18 provname=宁夏,obtid=53910,cityname=六盘山,lat=35.4,lon=106.12,height=2841.2
2025-12-23 16:59:18 provname=青海,obtid=51886,cityname=茫崖,lat=38.15,lon=90.51,height=2944.8
2025-12-23 16:59:18 provname=青海,obtid=52602,cityname=冷湖,lat=38.45,lon=93.2,height=2770
2025-12-23 16:59:18 provname=青海,obtid=52633,cityname=托勒,lat=38.49,lon=98.25,height=3367
2025-12-23 16:59:18 provname=青海,obtid=52645,cityname=野牛沟,lat=38.26,lon=99.36,height=3314
2025-12-23 16:59:18 provname=青海,obtid=52657,cityname=祁连,lat=38.11,lon=100.15,height=2787.4
2025-12-23 16:59:18 provname=青海,obtid=52707,cityname=小灶火,lat=36.48,lon=93.41,height=2767
2025-12-23 16:59:18 provname=青海,obtid=52713,cityname=大柴旦,lat=37.51,lon=95.21,height=3173.2
2025-12-23 16:59:18 provname=青海,obtid=52737,cityname=德令哈,lat=37.22,lon=97.23,height=2981.5
2025-12-23 16:59:18 provname=青海,obtid=52754,cityname=刚察,lat=37.2,lon=100.08,height=13301.5
2025-12-23 16:59:18 provname=青海,obtid=52765,cityname=门源,lat=37.23,lon=101.37,height=12850
2025-12-23 16:59:18 provname=青海,obtid=52818,cityname=格尔木,lat=36.25,lon=94.55,height=2807.6
2025-12-23 16:59:18 provname=青海,obtid=52825,cityname=诺木洪,lat=36.26,lon=96.26,height=2790.4
2025-12-23 16:59:18 provname=青海,obtid=52833,cityname=乌兰,lat=36.56,lon=98.29,height=12950
2025-12-23 16:59:18 provname=青海,obtid=52836,cityname=都兰,lat=36.18,lon=98.06,height=3189
2025-12-23 16:59:18 provname=青海,obtid=52842,cityname=茶卡,lat=36.47,lon=99.05,height=3087.6
2025-12-23 16:59:18 provname=青海,obtid=52856,cityname=共和,lat=36.16,lon=100.37,height=2835
2025-12-23 16:59:18 provname=青海,obtid=52866,cityname=西宁,lat=36.44,lon=101.45,height=2295.2
2025-12-23 16:59:18 provname=青海,obtid=52868,cityname=贵德,lat=36.01,lon=101.22,height=2273
2025-12-23 16:59:18 provname=青海,obtid=52876,cityname=民和,lat=36.2,lon=102.5,height=1813.9
2025-12-23 16:59:18 provname=青海,obtid=52908,cityname=五道梁,lat=35.13,lon=93.05,height=4612.2
2025-12-23 16:59:18 provname=青海,obtid=52943,cityname=兴海,lat=35.35,lon=99.59,height=3323.2
2025-12-23 16:59:18 provname=青海,obtid=52955,cityname=贵南,lat=35.35,lon=100.44,height=13120
2025-12-23 16:59:18 provname=青海,obtid=52974,cityname=同仁,lat=35.33,lon=102.02,height=2475
2025-12-23 16:59:18 provname=青海,obtid=56004,cityname=托托河,lat=34.13,lon=92.26,height=4533.1
2025-12-23 16:59:18 provname=青海,obtid=56018,cityname=杂多,lat=32.53,lon=95.17,height=4066.4
2025-12-23 16:59:18 provname=青海,obtid=56021,cityname=曲麻莱,lat=34.07,lon=95.48,height=4175
2025-12-23 16:59:18 provname=青海,obtid=56029,cityname=玉树,lat=33,lon=96.58,height=3716.9
2025-12-23 16:59:18 provname=青海,obtid=56033,cityname=玛多,lat=34.55,lon=98.13,height=4272.3
2025-12-23 16:59:18 provname=青海,obtid=56034,cityname=清水河,lat=33.48,lon=97.08,height=4415.4
2025-12-23 16:59:18 provname=青海,obtid=56043,cityname=玛沁,lat=34.29,lon=100.14,height=3719
2025-12-23 16:59:18 provname=青海,obtid=56046,cityname=达日,lat=33.45,lon=99.39,height=3967.5
2025-12-23 16:59:18 provname=青海,obtid=56065,cityname=河南,lat=34.44,lon=101.36,height=13500
2025-12-23 16:59:18 provname=青海,obtid=56067,cityname=久治,lat=33.26,lon=101.29,height=3628.5
2025-12-23 16:59:18 provname=青海,obtid=56125,cityname=囊谦,lat=32.12,lon=96.28,height=3643.7
2025-12-23 16:59:18 provname=青海,obtid=56151,cityname=班玛,lat=32.56,lon=100.45,height=13530
2025-12-23 16:59:18 provname=山东,obtid=54715,cityname=陵县,lat=37.19,lon=116.31,height=17.6
2025-12-23 16:59:18 provname=山东,obtid=54725,cityname=惠民,lat=37.3,lon=117.32,height=11.7
2025-12-23 16:59:18 provname=山东,obtid=54727,cityname=章丘,lat=36.41,lon=117.33,height=121.8
2025-12-23 16:59:18 provname=山东,obtid=54744,cityname=垦利,lat=37.35,lon=118.33,height=8.5
2025-12-23 16:59:18 provname=山东,obtid=54751,cityname=长岛,lat=37.56,lon=120.44,height=39.7
2025-12-23 16:59:18 provname=山东,obtid=54753,cityname=龙口,lat=37.38,lon=120.2,height=4.8
2025-12-23 16:59:18 provname=山东,obtid=54764,cityname=福山,lat=37.29,lon=121.14,height=53.9
2025-12-23 16:59:18 provname=山东,obtid=54774,cityname=威海,lat=37.28,lon=122.08,height=65.4
2025-12-23 16:59:18 provname=山东,obtid=54776,cityname=成山头,lat=37.24,lon=122.42,height=47.7
2025-12-23 16:59:18 provname=山东,obtid=54808,cityname=莘县,lat=36.14,lon=115.38,height=37.8
2025-12-23 16:59:18 provname=山东,obtid=54823,cityname=济南,lat=36.36,lon=117,height=170.3
2025-12-23 16:59:18 provname=山东,obtid=54826,cityname=泰山,lat=36.15,lon=117.06,height=1533.7
2025-12-23 16:59:18 provname=山东,obtid=54836,cityname=沂源,lat=36.11,lon=118.1,height=305.1
2025-12-23 16:59:18 provname=山东,obtid=54842,cityname=平度,lat=36.47,lon=120,height=62.2
2025-12-23 16:59:18 provname=山东,obtid=54843,cityname=潍坊,lat=36.45,lon=119.12,height=22.2
2025-12-23 16:59:18 provname=山东,obtid=54857,cityname=青岛,lat=36.04,lon=120.2,height=76
2025-12-23 16:59:18 provname=山东,obtid=54863,cityname=海阳,lat=36.47,lon=121.11,height=40.9
2025-12-23 16:59:18 provname=山东,obtid=54909,cityname=定陶,lat=35.05,lon=115.31,height=51.5
2025-12-23 16:59:18 provname=山东,obtid=54916,cityname=兖州,lat=35.34,lon=116.51,height=51.7
2025-12-23 16:59:18 provname=山东,obtid=54929,cityname=费县,lat=35.16,lon=117.58,height=121.2
2025-12-23 16:59:18 provname=山东,obtid=54936,cityname=莒县,lat=35.34,lon=118.5,height=107.4
2025-12-23 16:59:18 provname=山东,obtid=54945,cityname=日照,lat=35.28,lon=119.33,height=64.4
2025-12-23 16:59:18 provname=山东,obtid=58034,cityname=郯城,lat=34.36,lon=118.19,height=36.2
2025-12-23 16:59:18 provname=山西,obtid=53478,cityname=右玉,lat=40,lon=112.27,height=1345.8
2025-12-23 16:59:18 provname=山西,obtid=53487,cityname=大同,lat=40.05,lon=113.25,height=1052.6
2025-12-23 16:59:18 provname=山西,obtid=53490,cityname=天镇,lat=40.26,lon=114.03,height=1014.7
2025-12-23 16:59:18 provname=山西,obtid=53564,cityname=河曲,lat=39.22,lon=111.13,height=1036
2025-12-23 16:59:18 provname=山西,obtid=53578,cityname=朔州,lat=39.22,lon=112.26,height=1114.8
2025-12-23 16:59:18 provname=山西,obtid=53579,cityname=代县,lat=39.01,lon=112.54,height=859.7
2025-12-23 16:59:18 provname=山西,obtid=53588,cityname=五台山,lat=38.57,lon=113.31,height=2208.3
2025-12-23 16:59:18 provname=山西,obtid=53594,cityname=灵邱,lat=39.27,lon=114.11,height=938.7
2025-12-23 16:59:18 provname=山西,obtid=53663,cityname=五寨,lat=38.55,lon=111.49,height=1401
2025-12-23 16:59:18 provname=山西,obtid=53664,cityname=兴县,lat=38.28,lon=111.08,height=1012.6
2025-12-23 16:59:18 provname=山西,obtid=53673,cityname=原平,lat=38.44,lon=112.43,height=828.2
2025-12-23 16:59:18 provname=山西,obtid=53687,cityname=平定,lat=37.47,lon=113.38,height=753
2025-12-23 16:59:18 provname=山西,obtid=53764,cityname=离石,lat=37.3,lon=111.06,height=950.8
2025-12-23 16:59:18 provname=山西,obtid=53772,cityname=太原,lat=37.37,lon=112.35,height=776.3
2025-12-23 16:59:18 provname=山西,obtid=53775,cityname=太谷,lat=37.25,lon=112.36,height=785.8
2025-12-23 16:59:18 provname=山西,obtid=53787,cityname=榆社,lat=37.04,lon=112.59,height=1041.4
2025-12-23 16:59:18 provname=山西,obtid=53853,cityname=隰县,lat=36.42,lon=110.57,height=1052.7
2025-12-23 16:59:18 provname=山西,obtid=53859,cityname=吉县,lat=36.06,lon=110.4,height=851.3
2025-12-23 16:59:18 provname=山西,obtid=53863,cityname=介休,lat=37.04,lon=111.57,height=746
2025-12-23 16:59:18 provname=山西,obtid=53868,cityname=临汾,lat=36.04,lon=111.3,height=449.5
2025-12-23 16:59:18 provname=山西,obtid=53877,cityname=安泽,lat=36.1,lon=112.15,height=860.1
2025-12-23 16:59:18 provname=山西,obtid=53882,cityname=长治,lat=36.04,lon=113.02,height=1046.9
2025-12-23 16:59:18 provname=山西,obtid=53884,cityname=襄坦,lat=36.31,lon=113.02,height=877.9
2025-12-23 16:59:18 provname=山西,obtid=53959,cityname=运城,lat=35.07,lon=111.04,height=375
2025-12-23 16:59:18 provname=山西,obtid=53963,cityname=侯马,lat=35.39,lon=111.22,height=433.8
2025-12-23 16:59:18 provname=山西,obtid=53968,cityname=垣曲,lat=35.17,lon=111.4,height=505
2025-12-23 16:59:18 provname=山西,obtid=53975,cityname=阳城,lat=35.29,lon=112.24,height=659.5
2025-12-23 16:59:18 provname=山西,obtid=57052,cityname=永济,lat=34.53,lon=110.27,height=354.1
2025-12-23 16:59:18 provname=陕西,obtid=53646,cityname=榆林,lat=38.16,lon=109.47,height=1157
2025-12-23 16:59:18 provname=陕西,obtid=53651,cityname=神木,lat=38.49,lon=110.28,height=1098
2025-12-23 16:59:18 provname=陕西,obtid=53725,cityname=定边,lat=37.35,lon=107.35,height=1360.3
2025-12-23 16:59:18 provname=陕西,obtid=53735,cityname=靖边,lat=37.37,lon=108.48,height=1336.7
2025-12-23 16:59:18 provname=陕西,obtid=53738,cityname=吴旗,lat=36.55,lon=108.1,height=1331.4
2025-12-23 16:59:18 provname=陕西,obtid=53740,cityname=横山,lat=37.56,lon=109.14,height=1111
2025-12-23 16:59:18 provname=陕西,obtid=53754,cityname=绥德,lat=37.3,lon=110.13,height=929.7
2025-12-23 16:59:18 provname=陕西,obtid=53845,cityname=延安,lat=36.35,lon=109.27,height=1180.5
2025-12-23 16:59:18 provname=陕西,obtid=53854,cityname=延长,lat=36.35,lon=110.04,height=804.8
2025-12-23 16:59:18 provname=陕西,obtid=53929,cityname=长武,lat=35.12,lon=107.48,height=1206.5
2025-12-23 16:59:18 provname=陕西,obtid=53942,cityname=洛川,lat=35.46,lon=109.25,height=1155.9
2025-12-23 16:59:18 provname=陕西,obtid=53948,cityname=蒲城,lat=34.57,lon=109.35,height=499.2
2025-12-23 16:59:18 provname=陕西,obtid=53955,cityname=韩城,lat=35.28,lon=110.27,height=458.1
2025-12-23 16:59:18 provname=陕西,obtid=57003,cityname=陇县,lat=34.54,lon=106.5,height=924.2
2025-12-23 16:59:18 provname=陕西,obtid=57025,cityname=凤翔,lat=34.31,lon=107.23,height=781.1
2025-12-23 16:59:18 provname=陕西,obtid=57028,cityname=太白,lat=34.02,lon=107.19,height=1543.6
2025-12-23 16:59:18 provname=陕西,obtid=57030,cityname=永寿,lat=34.42,lon=108.09,height=994.6
2025-12-23 16:59:18 provname=陕西,obtid=57034,cityname=武功,lat=34.19,lon=108.14,height=471
2025-12-23 16:59:18 provname=陕西,obtid=57037,cityname=耀县,lat=34.56,lon=108.59,height=710
2025-12-23 16:59:18 provname=陕西,obtid=57046,cityname=华山,lat=34.29,lon=110.05,height=2064.9
2025-12-23 16:59:18 provname=陕西,obtid=57048,cityname=秦都,lat=34.24,lon=108.43,height=472.8
2025-12-23 16:59:18 provname=陕西,obtid=57049,cityname=华县,lat=34.31,lon=109.44,height=341.5
2025-12-23 16:59:18 provname=陕西,obtid=57106,cityname=略阳,lat=33.19,lon=106.09,height=794.2
2025-12-23 16:59:18 provname=陕西,obtid=57124,cityname=留坝,lat=33.38,lon=106.56,height=1032.1
2025-12-23 16:59:18 provname=陕西,obtid=57127,cityname=汉中,lat=33.04,lon=107.02,height=509.5
2025-12-23 16:59:18 provname=陕西,obtid=57131,cityname=泾河,lat=34.26,lon=108.58,height=410
2025-12-23 16:59:18 provname=陕西,obtid=57134,cityname=佛坪,lat=33.31,lon=107.59,height=827.2
2025-12-23 16:59:18 provname=陕西,obtid=57140,cityname=柞水,lat=33.4,lon=109.07,height=818.2
2025-12-23 16:59:18 provname=陕西,obtid=57143,cityname=商县,lat=33.52,lon=109.58,height=742.2
2025-12-23 16:59:18 provname=陕西,obtid=57144,cityname=镇安,lat=33.26,lon=109.09,height=693.7
2025-12-23 16:59:18 provname=陕西,obtid=57154,cityname=商南,lat=33.32,lon=110.54,height=523
2025-12-23 16:59:18 provname=陕西,obtid=57211,cityname=宁强,lat=32.5,lon=106.15,height=836.1
2025-12-23 16:59:18 provname=陕西,obtid=57232,cityname=石泉,lat=33.03,lon=108.16,height=484.9
2025-12-23 16:59:18 provname=陕西,obtid=57238,cityname=镇巴,lat=32.32,lon=107.54,height=693.9
2025-12-23 16:59:18 provname=陕西,obtid=57245,cityname=安康,lat=32.43,lon=109.02,height=290.8
2025-12-23 16:59:18 provname=陕西,obtid=57343,cityname=镇坪,lat=31.54,lon=109.32,height=995.8
2025-12-23 16:59:18 provname=上海,obtid=58362,cityname=宝山,lat=31.24,lon=121.27,height=5.5
2025-12-23 16:59:18 provname=四川,obtid=56038,cityname=石渠,lat=32.59,lon=98.06,height=14200
2025-12-23 16:59:18 provname=四川,obtid=56079,cityname=若尔盖,lat=33.35,lon=102.58,height=3441.4
2025-12-23 16:59:18 provname=四川,obtid=56144,cityname=德格,lat=31.48,lon=98.35,height=3184
2025-12-23 16:59:18 provname=四川,obtid=56146,cityname=甘孜,lat=31.37,lon=100,height=3393.5
2025-12-23 16:59:18 provname=四川,obtid=56152,cityname=色达,lat=32.17,lon=100.2,height=3893.9
2025-12-23 16:59:18 provname=四川,obtid=56167,cityname=道孚,lat=30.59,lon=101.07,height=2957.2
2025-12-23 16:59:18 provname=四川,obtid=56172,cityname=马尔康,lat=31.54,lon=102.14,height=2664.4
2025-12-23 16:59:18 provname=四川,obtid=56173,cityname=红原,lat=32.48,lon=102.33,height=3491.6
2025-12-23 16:59:18 provname=四川,obtid=56178,cityname=小金,lat=31,lon=102.21,height=2438
2025-12-23 16:59:18 provname=四川,obtid=56182,cityname=松潘,lat=32.4,lon=103.36,height=2881.3
2025-12-23 16:59:18 provname=四川,obtid=56187,cityname=温江,lat=30.45,lon=103.52,height=547.7
2025-12-23 16:59:18 provname=四川,obtid=56188,cityname=都江堰,lat=31,lon=103.4,height=698.5
2025-12-23 16:59:18 provname=四川,obtid=56196,cityname=绵阳,lat=31.27,lon=104.44,height=522.7
2025-12-23 16:59:18 provname=四川,obtid=56247,cityname=巴塘,lat=30,lon=99.06,height=2589.2
2025-12-23 16:59:18 provname=四川,obtid=56251,cityname=新龙,lat=30.56,lon=100.19,height=3000
2025-12-23 16:59:18 provname=四川,obtid=56257,cityname=理塘,lat=30,lon=100.16,height=3948.9
2025-12-23 16:59:18 provname=四川,obtid=56287,cityname=雅安,lat=29.59,lon=103,height=627.6
2025-12-23 16:59:18 provname=四川,obtid=56357,cityname=稻城,lat=29.03,lon=100.18,height=3727.7
2025-12-23 16:59:18 provname=四川,obtid=56374,cityname=康定,lat=30.03,lon=101.58,height=2615.7
2025-12-23 16:59:18 provname=四川,obtid=56385,cityname=峨眉山,lat=29.31,lon=103.2,height=3069.9
2025-12-23 16:59:18 provname=四川,obtid=56386,cityname=乐山,lat=29.34,lon=103.45,height=424.2
2025-12-23 16:59:18 provname=四川,obtid=56459,cityname=木里,lat=27.56,lon=101.16,height=2426.5
2025-12-23 16:59:18 provname=四川,obtid=56462,cityname=九龙,lat=29,lon=101.3,height=2925
2025-12-23 16:59:18 provname=四川,obtid=56475,cityname=越西,lat=28.39,lon=102.31,height=1659.5
2025-12-23 16:59:18 provname=四川,obtid=56479,cityname=昭觉,lat=28,lon=102.51,height=2132.4
2025-12-23 16:59:18 provname=四川,obtid=56485,cityname=雷波,lat=28.16,lon=103.35,height=1255.8
2025-12-23 16:59:18 provname=四川,obtid=56492,cityname=宜宾,lat=28.48,lon=104.36,height=340.8
2025-12-23 16:59:18 provname=四川,obtid=56565,cityname=盐源,lat=27.26,lon=101.31,height=2545
2025-12-23 16:59:18 provname=四川,obtid=56571,cityname=西昌,lat=27.54,lon=102.16,height=1590.9
2025-12-23 16:59:18 provname=四川,obtid=56666,cityname=攀枝花,lat=26.34,lon=101.43,height=1224.8
2025-12-23 16:59:18 provname=四川,obtid=56671,cityname=会理,lat=26.39,lon=102.15,height=1787.3
2025-12-23 16:59:18 provname=四川,obtid=57206,cityname=广元,lat=32.25,lon=105.54,height=545.4
2025-12-23 16:59:18 provname=四川,obtid=57237,cityname=万源,lat=32.04,lon=108.02,height=674
2025-12-23 16:59:18 provname=四川,obtid=57306,cityname=阆中,lat=31.35,lon=105.59,height=382.6
2025-12-23 16:59:18 provname=四川,obtid=57313,cityname=巴中,lat=31.52,lon=106.46,height=417.7
2025-12-23 16:59:18 provname=四川,obtid=57314,cityname=南部,lat=31.2,lon=106.03,height=405.7
2025-12-23 16:59:18 provname=四川,obtid=57328,cityname=达县,lat=31.12,lon=107.3,height=344.9
2025-12-23 16:59:18 provname=四川,obtid=57405,cityname=遂宁,lat=30.3,lon=105.33,height=355
2025-12-23 16:59:18 provname=四川,obtid=57411,cityname=高坪区,lat=30.44,lon=106.07,height=347
2025-12-23 16:59:18 provname=四川,obtid=57503,cityname=东兴区,lat=29.37,lon=105.07,height=349.7
2025-12-23 16:59:18 provname=四川,obtid=57604,cityname=纳溪,lat=28.47,lon=105.23,height=368.8
2025-12-23 16:59:18 provname=四川,obtid=57608,cityname=叙永,lat=28.1,lon=105.26,height=377.5
2025-12-23 16:59:18 provname=天津,obtid=54525,cityname=宝坻,lat=39.44,lon=117.17,height=5.1
2025-12-23 16:59:18 provname=天津,obtid=54527,cityname=天津,lat=39.05,lon=117.03,height=3.5
2025-12-23 16:59:18 provname=天津,obtid=54623,cityname=塘沽,lat=39.03,lon=117.43,height=4.8
2025-12-23 16:59:18 provname=西藏,obtid=55228,cityname=狮泉河,lat=32.3,lon=80.05,height=4278.6
2025-12-23 16:59:18 provname=西藏,obtid=55248,cityname=改则,lat=32.09,lon=84.25,height=4414.9
2025-12-23 16:59:18 provname=西藏,obtid=55279,cityname=班戈,lat=31.23,lon=90.01,height=14700
2025-12-23 16:59:18 provname=西藏,obtid=55294,cityname=安多,lat=32.21,lon=91.06,height=14800
2025-12-23 16:59:18 provname=西藏,obtid=55299,cityname=那曲,lat=31.29,lon=92.04,height=4507
2025-12-23 16:59:18 provname=西藏,obtid=55437,cityname=普兰,lat=30.17,lon=81.15,height=13900
2025-12-23 16:59:18 provname=西藏,obtid=55472,cityname=申扎,lat=30.57,lon=88.38,height=14672
2025-12-23 16:59:18 provname=西藏,obtid=55493,cityname=当雄,lat=30.29,lon=91.06,height=14200
2025-12-23 16:59:18 provname=西藏,obtid=55569,cityname=拉孜,lat=29.05,lon=87.36,height=14000
2025-12-23 16:59:18 provname=西藏,obtid=55578,cityname=日喀则,lat=29.15,lon=88.53,height=3836
2025-12-23 16:59:18 provname=西藏,obtid=55585,cityname=尼木,lat=29.26,lon=90.1,height=13809.4
2025-12-23 16:59:18 provname=西藏,obtid=55591,cityname=拉萨,lat=29.4,lon=91.08,height=3648.9
2025-12-23 16:59:18 provname=西藏,obtid=55598,cityname=泽当,lat=29.16,lon=91.46,height=3560
2025-12-23 16:59:18 provname=西藏,obtid=55655,cityname=聂拉木,lat=28.11,lon=85.58,height=13810
2025-12-23 16:59:18 provname=西藏,obtid=55664,cityname=定日,lat=28.38,lon=87.05,height=14300
2025-12-23 16:59:18 provname=西藏,obtid=55680,cityname=江孜,lat=28.55,lon=89.36,height=14040
2025-12-23 16:59:18 provname=西藏,obtid=55681,cityname=浪卡子,lat=28.58,lon=90.24,height=14431.7
2025-12-23 16:59:18 provname=西藏,obtid=55690,cityname=错那,lat=27.59,lon=91.57,height=14280
2025-12-23 16:59:18 provname=西藏,obtid=55696,cityname=隆子,lat=28.25,lon=92.28,height=13860
2025-12-23 16:59:18 provname=西藏,obtid=55773,cityname=帕里,lat=27.44,lon=89.05,height=14300
2025-12-23 16:59:18 provname=西藏,obtid=56106,cityname=索县,lat=31.53,lon=93.47,height=4022.8
2025-12-23 16:59:18 provname=西藏,obtid=56116,cityname=丁青,lat=31.25,lon=95.36,height=3873.1
2025-12-23 16:59:18 provname=西藏,obtid=56137,cityname=昌都,lat=31.09,lon=97.1,height=3315
2025-12-23 16:59:18 provname=西藏,obtid=56202,cityname=嘉黎,lat=30.4,lon=93.17,height=14488.8
2025-12-23 16:59:18 provname=西藏,obtid=56223,cityname=洛隆,lat=30.45,lon=95.5,height=13640
2025-12-23 16:59:18 provname=西藏,obtid=56227,cityname=波密,lat=29.52,lon=95.46,height=12736
2025-12-23 16:59:18 provname=西藏,obtid=56312,cityname=林芝,lat=29.4,lon=94.2,height=2991.8
2025-12-23 16:59:18 provname=西藏,obtid=56331,cityname=左贡,lat=29.4,lon=97.5,height=13780
2025-12-23 16:59:18 provname=西藏,obtid=56434,cityname=察隅,lat=28.39,lon=97.28,height=2327.6
2025-12-23 16:59:18 provname=新疆,obtid=51053,cityname=哈巴河,lat=48.03,lon=86.24,height=532.6
2025-12-23 16:59:18 provname=新疆,obtid=51059,cityname=吉木乃,lat=47.27,lon=85.53,height=968.2
2025-12-23 16:59:18 provname=新疆,obtid=51060,cityname=布尔津,lat=47.42,lon=86.52,height=473.9
2025-12-23 16:59:18 provname=新疆,obtid=51068,cityname=福海,lat=47.07,lon=87.29,height=497
2025-12-23 16:59:18 provname=新疆,obtid=51076,cityname=阿勒泰,lat=47.44,lon=88.05,height=735.3
2025-12-23 16:59:18 provname=新疆,obtid=51087,cityname=富蕴,lat=46.59,lon=89.31,height=807.5
2025-12-23 16:59:18 provname=新疆,obtid=51133,cityname=塔城,lat=46.44,lon=83,height=534.9
2025-12-23 16:59:18 provname=新疆,obtid=51156,cityname=和布克赛尔,lat=46.49,lon=85.45,height=1322.1
2025-12-23 16:59:18 provname=新疆,obtid=51186,cityname=青河,lat=46.4,lon=90.23,height=1218.2
2025-12-23 16:59:18 provname=新疆,obtid=51232,cityname=阿拉山口,lat=45.11,lon=82.34,height=336.1
2025-12-23 16:59:18 provname=新疆,obtid=51238,cityname=博乐,lat=44.54,lon=82.04,height=532.2
2025-12-23 16:59:18 provname=新疆,obtid=51241,cityname=托里,lat=45.56,lon=83.36,height=1094.2
2025-12-23 16:59:18 provname=新疆,obtid=51243,cityname=克拉玛依,lat=45.37,lon=84.51,height=450.3
2025-12-23 16:59:18 provname=新疆,obtid=51288,cityname=北塔山,lat=45.22,lon=90.32,height=1653.7
2025-12-23 16:59:18 provname=新疆,obtid=51330,cityname=温泉,lat=44.58,lon=81.01,height=1357.8
2025-12-23 16:59:18 provname=新疆,obtid=51334,cityname=精河,lat=44.34,lon=82.49,height=329.2
2025-12-23 16:59:18 provname=新疆,obtid=51346,cityname=乌苏,lat=44.26,lon=84.4,height=478.7
2025-12-23 16:59:18 provname=新疆,obtid=51358,cityname=乌兰乌苏,lat=44.17,lon=85.49,height=468.5
2025-12-23 16:59:18 provname=新疆,obtid=51365,cityname=蔡家湖,lat=44.12,lon=87.32,height=440.5
2025-12-23 16:59:18 provname=新疆,obtid=51367,cityname=呼图壁,lat=44.1,lon=86.51,height=575.1
2025-12-23 16:59:18 provname=新疆,obtid=51379,cityname=奇台,lat=44.01,lon=89.34,height=793.5
2025-12-23 16:59:18 provname=新疆,obtid=51431,cityname=伊宁,lat=43.57,lon=81.2,height=662.5
2025-12-23 16:59:18 provname=新疆,obtid=51433,cityname=尼勒克,lat=43.48,lon=82.31,height=1105.3
2025-12-23 16:59:18 provname=新疆,obtid=51437,cityname=昭苏,lat=43.09,lon=81.08,height=1851
2025-12-23 16:59:18 provname=新疆,obtid=51463,cityname=乌鲁木齐,lat=43.47,lon=87.39,height=935
2025-12-23 16:59:18 provname=新疆,obtid=51467,cityname=巴仑台,lat=42.46,lon=86.2,height=1732.4
2025-12-23 16:59:18 provname=新疆,obtid=51469,cityname=乌鲁木齐牧试站,lat=43.27,lon=87.11,height=1930
2025-12-23 16:59:18 provname=新疆,obtid=51470,cityname=天池,lat=43.53,lon=88.07,height=1942.5
2025-12-23 16:59:18 provname=新疆,obtid=51477,cityname=达坂城,lat=43.21,lon=88.19,height=1103.5
2025-12-23 16:59:18 provname=新疆,obtid=51495,cityname=十三间房,lat=43.13,lon=91.44,height=721.4
2025-12-23 16:59:18 provname=新疆,obtid=51526,cityname=库米什,lat=42.14,lon=88.13,height=922.4
2025-12-23 16:59:18 provname=新疆,obtid=51542,cityname=巴音布鲁克,lat=43.02,lon=84.09,height=2458
2025-12-23 16:59:18 provname=新疆,obtid=51567,cityname=焉耆,lat=42.05,lon=86.34,height=1055.3
2025-12-23 16:59:18 provname=新疆,obtid=51573,cityname=吐鲁番,lat=42.57,lon=89.14,height=39.3
2025-12-23 16:59:18 provname=新疆,obtid=51581,cityname=鄯善,lat=42.51,lon=90.14,height=398.6
2025-12-23 16:59:18 provname=新疆,obtid=51628,cityname=阿克苏,lat=41.07,lon=80.23,height=1107.1
2025-12-23 16:59:18 provname=新疆,obtid=51633,cityname=拜城,lat=41.47,lon=81.54,height=1229.2
2025-12-23 16:59:18 provname=新疆,obtid=51639,cityname=沙雅,lat=41.14,lon=82.47,height=980.4
2025-12-23 16:59:18 provname=新疆,obtid=51642,cityname=轮台,lat=41.49,lon=84.16,height=982
2025-12-23 16:59:18 provname=新疆,obtid=51644,cityname=库车,lat=41.43,lon=82.58,height=1081.9
2025-12-23 16:59:18 provname=新疆,obtid=51655,cityname=尉犁,lat=41.21,lon=86.16,height=884.9
2025-12-23 16:59:18 provname=新疆,obtid=51656,cityname=库尔勒,lat=41.44,lon=85.49,height=899.8
2025-12-23 16:59:18 provname=新疆,obtid=51701,cityname=吐尔尕特,lat=40.31,lon=75.24,height=3504.4
2025-12-23 16:59:18 provname=新疆,obtid=51704,cityname=阿图什,lat=39.43,lon=76.1,height=1298.7
2025-12-23 16:59:18 provname=新疆,obtid=51705,cityname=乌恰,lat=39.43,lon=75.15,height=2175.7
2025-12-23 16:59:18 provname=新疆,obtid=51709,cityname=喀什,lat=39.29,lon=75.45,height=1385.6
2025-12-23 16:59:18 provname=新疆,obtid=51711,cityname=阿合奇,lat=40.56,lon=78.27,height=1985.1
2025-12-23 16:59:18 provname=新疆,obtid=51716,cityname=巴楚,lat=39.48,lon=78.34,height=1116.5
2025-12-23 16:59:18 provname=新疆,obtid=51720,cityname=柯坪,lat=40.3,lon=79.03,height=1161.8
2025-12-23 16:59:18 provname=新疆,obtid=51730,cityname=阿拉尔,lat=40.33,lon=81.16,height=1012.2
2025-12-23 16:59:18 provname=新疆,obtid=51747,cityname=塔中,lat=39,lon=83.4,height=1099.3
2025-12-23 16:59:18 provname=新疆,obtid=51765,cityname=铁干里克,lat=40.38,lon=87.42,height=846
2025-12-23 16:59:18 provname=新疆,obtid=51777,cityname=若羌,lat=39.02,lon=88.1,height=887.7
2025-12-23 16:59:18 provname=新疆,obtid=51804,cityname=塔什库尔干,lat=37.46,lon=75.14,height=3090.1
2025-12-23 16:59:18 provname=新疆,obtid=51810,cityname=麦盖提,lat=38.55,lon=77.38,height=1178.2
2025-12-23 16:59:18 provname=新疆,obtid=51811,cityname=莎车,lat=38.26,lon=77.16,height=1231.2
2025-12-23 16:59:18 provname=新疆,obtid=51818,cityname=皮山,lat=37.37,lon=78.17,height=1375.4
2025-12-23 16:59:18 provname=新疆,obtid=51828,cityname=和田,lat=37.08,lon=79.56,height=1375
2025-12-23 16:59:18 provname=新疆,obtid=51839,cityname=民丰,lat=37.04,lon=82.43,height=1409.5
2025-12-23 16:59:18 provname=新疆,obtid=51855,cityname=且末,lat=38.09,lon=85.33,height=1247.2
2025-12-23 16:59:18 provname=新疆,obtid=51931,cityname=于田,lat=36.51,lon=81.39,height=1422
2025-12-23 16:59:18 provname=新疆,obtid=52101,cityname=巴里坤,lat=43.36,lon=93.03,height=1679.4
2025-12-23 16:59:18 provname=新疆,obtid=52112,cityname=淖毛湖,lat=43.45,lon=94.59,height=479
2025-12-23 16:59:18 provname=新疆,obtid=52118,cityname=伊吾,lat=43.16,lon=94.42,height=1728.6
2025-12-23 16:59:18 provname=新疆,obtid=52203,cityname=哈密,lat=42.49,lon=93.31,height=737.2
2025-12-23 16:59:18 provname=新疆,obtid=52313,cityname=红柳河,lat=41.32,lon=94.4,height=1573.8
2025-12-23 16:59:18 provname=云南,obtid=56444,cityname=德钦,lat=28.29,lon=98.55,height=3319
2025-12-23 16:59:18 provname=云南,obtid=56533,cityname=贡山,lat=27.45,lon=98.4,height=1583.3
2025-12-23 16:59:18 provname=云南,obtid=56543,cityname=香格里拉,lat=27.51,lon=99.45,height=3341.5
2025-12-23 16:59:18 provname=云南,obtid=56548,cityname=维西,lat=27.1,lon=99.17,height=2326.1
2025-12-23 16:59:18 provname=云南,obtid=56586,cityname=昭通昭阳,lat=27.21,lon=103.43,height=1949.5
2025-12-23 16:59:18 provname=云南,obtid=56643,cityname=六库,lat=25.52,lon=98.51,height=949.9
2025-12-23 16:59:18 provname=云南,obtid=56651,cityname=丽江,lat=26.51,lon=100.13,height=2380.9
2025-12-23 16:59:18 provname=云南,obtid=56664,cityname=华坪,lat=26.38,lon=101.16,height=1230.8
2025-12-23 16:59:18 provname=云南,obtid=56684,cityname=会泽,lat=26.24,lon=103.15,height=2188.3
2025-12-23 16:59:18 provname=云南,obtid=56739,cityname=腾冲,lat=24.59,lon=98.3,height=1695.9
2025-12-23 16:59:18 provname=云南,obtid=56748,cityname=保山隆阳,lat=25.07,lon=99.11,height=1652.2
2025-12-23 16:59:18 provname=云南,obtid=56751,cityname=大理,lat=25.42,lon=100.11,height=1990.5
2025-12-23 16:59:18 provname=云南,obtid=56763,cityname=元谋,lat=25.44,lon=101.52,height=1120.6
2025-12-23 16:59:18 provname=云南,obtid=56768,cityname=楚雄,lat=25.02,lon=101.33,height=1824.1
2025-12-23 16:59:18 provname=云南,obtid=56778,cityname=昆明,lat=25,lon=102.39,height=1888.1
2025-12-23 16:59:18 provname=云南,obtid=56786,cityname=沾益,lat=25.35,lon=103.5,height=1898.7
2025-12-23 16:59:18 provname=云南,obtid=56838,cityname=瑞丽,lat=24,lon=97.51,height=762.9
2025-12-23 16:59:18 provname=云南,obtid=56856,cityname=景东,lat=24.28,lon=100.52,height=1162.3
2025-12-23 16:59:18 provname=云南,obtid=56872,cityname=太华山,lat=24.57,lon=102.37,height=2358.3
2025-12-23 16:59:18 provname=云南,obtid=56875,cityname=玉溪红塔,lat=24.2,lon=102.33,height=1716.9
2025-12-23 16:59:18 provname=云南,obtid=56886,cityname=泸西,lat=24.32,lon=103.46,height=1704.3
2025-12-23 16:59:18 provname=云南,obtid=56946,cityname=耿马,lat=23.33,lon=99.24,height=1104.9
2025-12-23 16:59:18 provname=云南,obtid=56950,cityname=双江,lat=23.28,lon=99.48,height=1044.1
2025-12-23 16:59:18 provname=云南,obtid=56951,cityname=临沧,lat=23.53,lon=100.05,height=1502.4
2025-12-23 16:59:18 provname=云南,obtid=56954,cityname=澜沧,lat=22.34,lon=99.56,height=1054.8
2025-12-23 16:59:18 provname=云南,obtid=56959,cityname=景洪,lat=22,lon=100.47,height=582
2025-12-23 16:59:18 provname=云南,obtid=56964,cityname=思茅,lat=22.47,lon=100.58,height=1302.1
2025-12-23 16:59:18 provname=云南,obtid=56966,cityname=元江,lat=23.36,lon=101.59,height=400.9
2025-12-23 16:59:18 provname=云南,obtid=56969,cityname=勐腊,lat=21.28,lon=101.34,height=633.4
2025-12-23 16:59:18 provname=云南,obtid=56977,cityname=江城,lat=22.35,lon=101.51,height=1120.5
2025-12-23 16:59:18 provname=云南,obtid=56985,cityname=蒙自,lat=23.26,lon=103.19,height=1313.6
2025-12-23 16:59:18 provname=云南,obtid=56986,cityname=屏边,lat=22.59,lon=103.41,height=1414.1
2025-12-23 16:59:18 provname=云南,obtid=56991,cityname=砚山,lat=23.37,lon=104.2,height=1561.1
2025-12-23 16:59:18 provname=云南,obtid=59007,cityname=广南,lat=24.04,lon=105.04,height=1249.6
2025-12-23 16:59:18 provname=浙江,obtid=58448,cityname=临安,lat=30.13,lon=119.42,height=117.6
2025-12-23 16:59:18 provname=浙江,obtid=58450,cityname=湖州,lat=30.52,lon=120.03,height=7.4
2025-12-23 16:59:18 provname=浙江,obtid=58457,cityname=杭州,lat=30.14,lon=120.1,height=41.7
2025-12-23 16:59:18 provname=浙江,obtid=58464,cityname=平湖,lat=30.39,lon=121.07,height=4
2025-12-23 16:59:18 provname=浙江,obtid=58467,cityname=慈溪,lat=30.12,lon=121.16,height=4.5
2025-12-23 16:59:18 provname=浙江,obtid=58472,cityname=嵊泗,lat=30.44,lon=122.27,height=79.6
2025-12-23 16:59:18 provname=浙江,obtid=58477,cityname=定海,lat=30.02,lon=122.06,height=35.7
2025-12-23 16:59:18 provname=浙江,obtid=58543,cityname=淳安,lat=29.37,lon=119.01,height=171.4
2025-12-23 16:59:18 provname=浙江,obtid=58549,cityname=金华,lat=29.07,lon=119.39,height=62.6
2025-12-23 16:59:18 provname=浙江,obtid=58553,cityname=上虞,lat=30.03,lon=120.49,height=6.4
2025-12-23 16:59:18 provname=浙江,obtid=58556,cityname=嵊州,lat=29.36,lon=120.49,height=104.3
2025-12-23 16:59:18 provname=浙江,obtid=58557,cityname=义乌,lat=29.2,lon=120.05,height=90
2025-12-23 16:59:18 provname=浙江,obtid=58562,cityname=鄞县,lat=29.48,lon=121.3,height=6.2
2025-12-23 16:59:18 provname=浙江,obtid=58569,cityname=石浦,lat=29.12,lon=121.57,height=128.4
2025-12-23 16:59:18 provname=浙江,obtid=58633,cityname=衢州,lat=29,lon=118.54,height=82.4
2025-12-23 16:59:18 provname=浙江,obtid=58646,cityname=丽水,lat=28.28,lon=119.56,height=59.7
2025-12-23 16:59:18 provname=浙江,obtid=58652,cityname=仙居,lat=28.52,lon=120.43,height=83
2025-12-23 16:59:18 provname=浙江,obtid=58665,cityname=洪家,lat=28.37,lon=121.25,height=4.6
2025-12-23 16:59:18 provname=浙江,obtid=58666,cityname=大陈,lat=28.27,lon=121.54,height=86.2
2025-12-23 16:59:18 provname=浙江,obtid=58667,cityname=玉环,lat=28.05,lon=121.16,height=95.9
2025-12-23 16:59:18 provname=浙江,obtid=58742,cityname=云和,lat=28.06,lon=119.34,height=163
2025-12-23 16:59:18 provname=浙江,obtid=58752,cityname=瑞安,lat=27.47,lon=120.39,height=39.7
2025-12-23 16:59:18 provname=浙江,obtid=58760,cityname=洞头,lat=27.5,lon=121.09,height=68.6
2025-12-23 16:59:18 provname=重庆,obtid=57348,cityname=奉节,lat=31.01,lon=109.32,height=299.8
2025-12-23 16:59:18 provname=重庆,obtid=57426,cityname=梁平,lat=30.41,lon=107.48,height=454.5
2025-12-23 16:59:18 provname=重庆,obtid=57432,cityname=万州,lat=30.46,lon=108.24,height=186.7
2025-12-23 16:59:18 provname=重庆,obtid=57502,cityname=大足,lat=29.42,lon=105.42,height=394.7
2025-12-23 16:59:18 provname=重庆,obtid=57512,cityname=合川,lat=29.58,lon=106.16,height=364.5
2025-12-23 16:59:18 provname=重庆,obtid=57516,cityname=沙坪坝,lat=29.35,lon=106.28,height=259.1
2025-12-23 16:59:18 provname=重庆,obtid=57517,cityname=江津,lat=29.17,lon=106.15,height=261.4
2025-12-23 16:59:18 provname=重庆,obtid= 5752,cityname=长寿,lat=29.5,lon=107.04,height=377.6
2025-12-23 16:59:18 provname=重庆,obtid=57523,cityname=丰都,lat=29.51,lon=107.44,height=290.5
2025-12-23 16:59:18 provname=重庆,obtid=57536,cityname=黔江,lat=29.31,lon=108.46,height=786.9
2025-12-23 16:59:18 provname=重庆,obtid=57612,cityname=綦江,lat=29,lon=106.39,height=474.7
2025-12-23 16:59:18 provname=重庆,obtid=57633,cityname=酉阳,lat=28.47,lon=108.48,height=419.3
2025-12-23 16:59:18 总记录数=839，插入=839，更新=0，耗时=0.22秒。
2025-12-23 17:02:27 connect database(idc/idcpwd@snorcl11g_5) ok.
2025-12-23 17:02:27 provname=安徽,obtid=58015,cityname=砀山,lat=34.27,lon=116.2,height=44.2
2025-12-23 17:02:27 provname=安徽,obtid=58102,cityname=亳州,lat=33.47,lon=115.44,height=39.1
2025-12-23 17:02:27 provname=安徽,obtid=58118,cityname=蒙城,lat=33.16,lon=116.31,height=10.3
2025-12-23 17:02:27 provname=安徽,obtid=58122,cityname=宿州,lat=33.38,lon=116.59,height=25.9
2025-12-23 17:02:27 provname=安徽,obtid=58203,cityname=阜阳,lat=32.52,lon=115.44,height=32.7
2025-12-23 17:02:27 provname=安徽,obtid=58215,cityname=寿县,lat=32.26,lon=116.47,height=25.7
2025-12-23 17:02:27 provname=安徽,obtid=58221,cityname=蚌埠,lat=32.51,lon=117.18,height=26.8
2025-12-23 17:02:27 provname=安徽,obtid=58225,cityname=定远,lat=32.32,lon=117.4,height=69.6
2025-12-23 17:02:27 provname=安徽,obtid=58236,cityname=滁州,lat=32.21,lon=118.15,height=33.5
2025-12-23 17:02:27 provname=安徽,obtid=58311,cityname=六安,lat=31.44,lon=116.3,height=74.1
2025-12-23 17:02:27 provname=安徽,obtid=58314,cityname=霍山,lat=31.24,lon=116.19,height=86.4
2025-12-23 17:02:27 provname=安徽,obtid=58319,cityname=桐城,lat=31.04,lon=116.57,height=85.4
2025-12-23 17:02:27 provname=安徽,obtid=58321,cityname=合肥,lat=31.47,lon=117.18,height=27
2025-12-23 17:02:27 provname=安徽,obtid=58326,cityname=巢湖,lat=31.35,lon=117.5,height=30.9
2025-12-23 17:02:27 provname=安徽,obtid=58336,cityname=马鞍山,lat=31.42,lon=118.34,height=80
2025-12-23 17:02:27 provname=安徽,obtid=58338,cityname=芜湖县,lat=31.07,lon=118.36,height=40
2025-12-23 17:02:27 provname=安徽,obtid=58414,cityname=太湖,lat=30.26,lon=116.19,height=105.1
2025-12-23 17:02:27 provname=安徽,obtid=58419,cityname=东至,lat=30.06,lon=117.01,height=17.6
2025-12-23 17:02:27 provname=安徽,obtid=58424,cityname=安庆,lat=30.37,lon=116.58,height=62
2025-12-23 17:02:27 provname=安徽,obtid=58429,cityname=铜陵,lat=30.59,lon=117.51,height=11
2025-12-23 17:02:27 provname=安徽,obtid=58436,cityname=宁国,lat=30.37,lon=118.59,height=87.3
2025-12-23 17:02:27 provname=安徽,obtid=58437,cityname=黄山,lat=30.08,lon=118.09,height=1840.4
2025-12-23 17:02:27 provname=安徽,obtid=58520,cityname=祁门,lat=29.51,lon=117.43,height=142
2025-12-23 17:02:27 provname=安徽,obtid=58531,cityname=屯溪,lat=29.43,lon=118.17,height=142.7
2025-12-23 17:02:27 provname=北京,obtid=54406,cityname=延庆,lat=40.27,lon=115.58,height=487.9
2025-12-23 17:02:27 provname=北京,obtid=54416,cityname=密云,lat=40.23,lon=116.52,height=71.8
2025-12-23 17:02:27 provname=北京,obtid=54511,cityname=北京,lat=39.48,lon=116.28,height=31.3
2025-12-23 17:02:27 provname=福建,obtid=58725,cityname=邵武,lat=27.2,lon=117.28,height=218
2025-12-23 17:02:27 provname=福建,obtid=58730,cityname=武夷山,lat=27.46,lon=118.02,height=222.1
2025-12-23 17:02:27 provname=福建,obtid=58731,cityname=浦城,lat=27.55,lon=118.32,height=276.9
2025-12-23 17:02:27 provname=福建,obtid=58734,cityname=建阳,lat=27.2,lon=118.07,height=196.9
2025-12-23 17:02:27 provname=福建,obtid=58737,cityname=建瓯,lat=27.03,lon=118.19,height=154.9
2025-12-23 17:02:27 provname=福建,obtid=58744,cityname=寿宁,lat=27.27,lon=119.25,height=815.9
2025-12-23 17:02:27 provname=福建,obtid=58754,cityname=福鼎,lat=27.2,lon=120.12,height=36.2
2025-12-23 17:02:27 provname=福建,obtid=58818,cityname=宁化,lat=26.14,lon=116.38,height=358.9
2025-12-23 17:02:27 provname=福建,obtid=58820,cityname=泰宁,lat=26.54,lon=117.1,height=342.9
2025-12-23 17:02:27 provname=福建,obtid=58834,cityname=南平,lat=26.38,lon=118.1,height=152.2
2025-12-23 17:02:27 provname=福建,obtid=58837,cityname=尤溪,lat=26.09,lon=118.09,height=204.8
2025-12-23 17:02:27 provname=福建,obtid=58843,cityname=霞浦,lat=26.53,lon=120.01,height=56.8
2025-12-23 17:02:27 provname=福建,obtid=58846,cityname=宁德,lat=26.4,lon=119.31,height=32.4
2025-12-23 17:02:27 provname=福建,obtid=58847,cityname=福州,lat=26.05,lon=119.17,height=84
2025-12-23 17:02:27 provname=福建,obtid=58911,cityname=长汀,lat=25.51,lon=116.22,height=310
2025-12-23 17:02:27 provname=福建,obtid=58918,cityname=上杭,lat=25.03,lon=116.25,height=198
2025-12-23 17:02:27 provname=福建,obtid=58921,cityname=永安,lat=25.58,lon=117.21,height=206
2025-12-23 17:02:27 provname=福建,obtid=58926,cityname=漳平,lat=25.18,lon=117.25,height=205.3
2025-12-23 17:02:27 provname=福建,obtid=58927,cityname=龙岩,lat=25.03,lon=117.01,height=376
2025-12-23 17:02:27 provname=福建,obtid=58931,cityname=九仙山,lat=25.43,lon=118.06,height=1653.5
2025-12-23 17:02:27 provname=福建,obtid=58933,cityname=屏南,lat=26.55,lon=118.59,height=869.5
2025-12-23 17:02:27 provname=福建,obtid=58936,cityname=仙游,lat=25.22,lon=118.42,height=77.7
2025-12-23 17:02:27 provname=福建,obtid=58944,cityname=平潭,lat=25.31,lon=119.47,height=32.4
2025-12-23 17:02:27 provname=福建,obtid=59113,cityname=永定,lat=24.44,lon=116.43,height=226.9
2025-12-23 17:02:27 provname=福建,obtid=59126,cityname=漳州,lat=24.3,lon=117.39,height=28.9
2025-12-23 17:02:27 provname=福建,obtid=59133,cityname=崇武,lat=24.54,lon=118.55,height=21.8
2025-12-23 17:02:27 provname=福建,obtid=59134,cityname=厦门,lat=24.29,lon=118.04,height=139.4
2025-12-23 17:02:27 provname=福建,obtid=59321,cityname=东山,lat=23.47,lon=117.3,height=53.3
2025-12-23 17:02:27 provname=甘肃,obtid=52323,cityname=马鬃山,lat=41.48,lon=97.02,height=1770.4
2025-12-23 17:02:27 provname=甘肃,obtid=52418,cityname=敦煌,lat=40.09,lon=94.41,height=1139
2025-12-23 17:02:27 provname=甘肃,obtid=52424,cityname=瓜州,lat=40.32,lon=95.47,height=1170.9
2025-12-23 17:02:27 provname=甘肃,obtid=52436,cityname=玉门镇,lat=40.16,lon=97.02,height=1526
2025-12-23 17:02:27 provname=甘肃,obtid=52446,cityname=鼎新,lat=40.18,lon=99.31,height=1177.4
2025-12-23 17:02:27 provname=甘肃,obtid=52447,cityname=金塔,lat=40,lon=98.53,height=1270.5
2025-12-23 17:02:27 provname=甘肃,obtid=52533,cityname=酒泉,lat=39.46,lon=98.29,height=1477.2
2025-12-23 17:02:27 provname=甘肃,obtid=52546,cityname=高台,lat=39.22,lon=99.5,height=1332.2
2025-12-23 17:02:27 provname=甘肃,obtid=52652,cityname=张掖,lat=39.05,lon=100.17,height=1461.1
2025-12-23 17:02:27 provname=甘肃,obtid=52661,cityname=山丹,lat=38.48,lon=101.05,height=1765.5
2025-12-23 17:02:27 provname=甘肃,obtid=52674,cityname=永昌,lat=38.13,lon=101.56,height=2093.9
2025-12-23 17:02:27 provname=甘肃,obtid=52679,cityname=武威,lat=37.55,lon=102.4,height=1531.5
2025-12-23 17:02:27 provname=甘肃,obtid=52681,cityname=民勤,lat=38.38,lon=103.05,height=1367.5
2025-12-23 17:02:27 provname=甘肃,obtid=52787,cityname=乌鞘岭,lat=37.12,lon=102.52,height=3045.1
2025-12-23 17:02:27 provname=甘肃,obtid=52797,cityname=景泰,lat=37.11,lon=104.03,height=1630.9
2025-12-23 17:02:27 provname=甘肃,obtid=52884,cityname=皋兰,lat=36.21,lon=103.57,height=1668.5
2025-12-23 17:02:27 provname=甘肃,obtid=52895,cityname=靖远,lat=36.34,lon=104.41,height=1398.2
2025-12-23 17:02:27 provname=甘肃,obtid=52983,cityname=榆中,lat=35.52,lon=104.09,height=1874.4
2025-12-23 17:02:27 provname=甘肃,obtid=52984,cityname=临夏,lat=35.35,lon=103.11,height=1917.2
2025-12-23 17:02:27 provname=甘肃,obtid=52986,cityname=临洮,lat=35.22,lon=103.52,height=1893.8
2025-12-23 17:02:27 provname=甘肃,obtid=52996,cityname=华家岭,lat=35.23,lon=105.01,height=2450.6
2025-12-23 17:02:27 provname=甘肃,obtid=53821,cityname=环县,lat=36.34,lon=107.18,height=1255.6
2025-12-23 17:02:27 provname=甘肃,obtid=53915,cityname=崆峒,lat=35.33,lon=106.4,height=1346.6
2025-12-23 17:02:27 provname=甘肃,obtid=53923,cityname=西峰,lat=35.44,lon=107.38,height=1421
2025-12-23 17:02:27 provname=甘肃,obtid=56074,cityname=玛曲,lat=34,lon=102.05,height=3471.4
2025-12-23 17:02:27 provname=甘肃,obtid=56080,cityname=合作,lat=35,lon=102.54,height=2910
2025-12-23 17:02:27 provname=甘肃,obtid=56093,cityname=岷县,lat=34.26,lon=104.01,height=2315
2025-12-23 17:02:27 provname=甘肃,obtid=56096,cityname=武都,lat=33.24,lon=104.55,height=1079.1
2025-12-23 17:02:27 provname=甘肃,obtid=57014,cityname=麦积,lat=34.34,lon=105.52,height=1085.2
2025-12-23 17:02:27 provname=广东,obtid=57996,cityname=南雄,lat=25.05,lon=114.15,height=149.7
2025-12-23 17:02:27 provname=广东,obtid=59072,cityname=连州,lat=24.49,lon=112.22,height=131.7
2025-12-23 17:02:27 provname=广东,obtid=59082,cityname=韶关,lat=24.4,lon=113.36,height=121.3
2025-12-23 17:02:27 provname=广东,obtid=59087,cityname=佛冈,lat=23.53,lon=113.31,height=97.2
2025-12-23 17:02:27 provname=广东,obtid=59088,cityname=英德,lat=24.11,lon=113.25,height=74.4
2025-12-23 17:02:27 provname=广东,obtid=59096,cityname=连平,lat=24.22,lon=114.29,height=215.2
2025-12-23 17:02:27 provname=广东,obtid=59097,cityname=新丰,lat=24.03,lon=114.12,height=199.3
2025-12-23 17:02:27 provname=广东,obtid=59107,cityname=龙川,lat=24.07,lon=115.17,height=179.6
2025-12-23 17:02:27 provname=广东,obtid=59116,cityname=大埔,lat=24.21,lon=116.42,height=80.1
2025-12-23 17:02:27 provname=广东,obtid=59117,cityname=梅县,lat=24.17,lon=116.04,height=116
2025-12-23 17:02:27 provname=广东,obtid=59271,cityname=广宁,lat=23.38,lon=112.25,height=92.7
2025-12-23 17:02:27 provname=广东,obtid=59278,cityname=高要,lat=22.59,lon=112.29,height=60
2025-12-23 17:02:27 provname=广东,obtid=59280,cityname=清远,lat=23.43,lon=113.05,height=79.2
2025-12-23 17:02:27 provname=广东,obtid=59287,cityname=广州,lat=23.13,lon=113.29,height=70.7
2025-12-23 17:02:27 provname=广东,obtid=59289,cityname=东莞,lat=22.58,lon=113.44,height=56
2025-12-23 17:02:27 provname=广东,obtid=59293,cityname=河源,lat=23.48,lon=114.44,height=71.1
2025-12-23 17:02:27 provname=广东,obtid=59294,cityname=增城,lat=23.2,lon=113.5,height=30.8
2025-12-23 17:02:27 provname=广东,obtid=59298,cityname=惠阳,lat=23.04,lon=114.22,height=108.5
2025-12-23 17:02:27 provname=广东,obtid=59303,cityname=五华,lat=23.55,lon=115.45,height=135.9
2025-12-23 17:02:27 provname=广东,obtid=59304,cityname=紫金,lat=23.38,lon=115.11,height=176.6
2025-12-23 17:02:27 provname=广东,obtid=59306,cityname=揭西,lat=23.27,lon=115.51,height=80.9
2025-12-23 17:02:27 provname=广东,obtid=59310,cityname=丰顺,lat=23.46,lon=116.1,height=45.3
2025-12-23 17:02:27 provname=广东,obtid=59316,cityname=汕头,lat=23.23,lon=116.41,height=2.3
2025-12-23 17:02:27 provname=广东,obtid=59317,cityname=惠来,lat=22.59,lon=116.18,height=42
2025-12-23 17:02:27 provname=广东,obtid=59324,cityname=南澳,lat=23.26,lon=117.02,height=8
2025-12-23 17:02:27 provname=广东,obtid=59456,cityname=信宜,lat=22.21,lon=110.56,height=141.4
2025-12-23 17:02:27 provname=广东,obtid=59462,cityname=罗定,lat=22.43,lon=111.36,height=60
2025-12-23 17:02:27 provname=广东,obtid=59478,cityname=台山,lat=22.15,lon=112.47,height=33.1
2025-12-23 17:02:27 provname=广东,obtid=59485,cityname=中山,lat=22.31,lon=113.24,height=33.7
2025-12-23 17:02:27 provname=广东,obtid=59488,cityname=珠海,lat=22.17,lon=113.34,height=51.4
2025-12-23 17:02:27 provname=广东,obtid=59493,cityname=深圳,lat=22.33,lon=114,height=63
2025-12-23 17:02:27 provname=广东,obtid=59501,cityname=汕尾,lat=22.48,lon=115.22,height=17.3
2025-12-23 17:02:27 provname=广东,obtid=59658,cityname=湛江,lat=21.09,lon=110.18,height=53.4
2025-12-23 17:02:27 provname=广东,obtid=59663,cityname=阳江,lat=21.51,lon=111.59,height=90.3
2025-12-23 17:02:27 provname=广东,obtid=59664,cityname=电白,lat=21.33,lon=110.59,height=31.8
2025-12-23 17:02:27 provname=广东,obtid=59673,cityname=上川岛,lat=21.44,lon=112.46,height=21.9
2025-12-23 17:02:27 provname=广东,obtid=59754,cityname=徐闻,lat=20.2,lon=110.11,height=56.2
2025-12-23 17:02:27 provname=广西,obtid=57947,cityname=融安,lat=25.13,lon=109.24,height=121.3
2025-12-23 17:02:27 provname=广西,obtid=57957,cityname=桂林,lat=25.19,lon=110.18,height=164.4
2025-12-23 17:02:27 provname=广西,obtid=57958,cityname=雁山,lat=25.05,lon=110.19,height=151.3
2025-12-23 17:02:27 provname=广西,obtid=59021,cityname=凤山,lat=24.33,lon=107.02,height=509.4
2025-12-23 17:02:27 provname=广西,obtid=59023,cityname=河池,lat=24.42,lon=108.02,height=260.2
2025-12-23 17:02:27 provname=广西,obtid=59027,cityname=巴马,lat=24.08,lon=107.15,height=254.9
2025-12-23 17:02:27 provname=广西,obtid=59037,cityname=都安,lat=23.56,lon=108.06,height=170.8
2025-12-23 17:02:27 provname=广西,obtid=59046,cityname=柳州,lat=24.21,lon=109.24,height=96.8
2025-12-23 17:02:27 provname=广西,obtid=59058,cityname=蒙山,lat=24.12,lon=110.31,height=181.9
2025-12-23 17:02:27 provname=广西,obtid=59065,cityname=八步,lat=24.25,lon=111.3,height=148.7
2025-12-23 17:02:27 provname=广西,obtid=59209,cityname=那坡,lat=23.25,lon=105.5,height=794.1
2025-12-23 17:02:27 provname=广西,obtid=59211,cityname=百色,lat=23.54,lon=106.36,height=174.7
2025-12-23 17:02:27 provname=广西,obtid=59218,cityname=靖西,lat=23.08,lon=106.25,height=739.9
2025-12-23 17:02:27 provname=广西,obtid=59228,cityname=平果,lat=23.19,lon=107.35,height=108.8
2025-12-23 17:02:27 provname=广西,obtid=59242,cityname=来宾,lat=23.46,lon=109.09,height=96.7
2025-12-23 17:02:27 provname=广西,obtid=59254,cityname=桂平,lat=23.24,lon=110.05,height=42.5
2025-12-23 17:02:27 provname=广西,obtid=59265,cityname=梧州,lat=23.29,lon=111.18,height=114.8
2025-12-23 17:02:27 provname=广西,obtid=59417,cityname=龙州,lat=22.2,lon=106.51,height=130
2025-12-23 17:02:27 provname=广西,obtid=59431,cityname=南宁,lat=22.38,lon=108.13,height=121.6
2025-12-23 17:02:27 provname=广西,obtid=59446,cityname=灵山,lat=22.25,lon=109.18,height=66.6
2025-12-23 17:02:27 provname=广西,obtid=59453,cityname=玉林,lat=22.4,lon=110.07,height=121.6
2025-12-23 17:02:27 provname=广西,obtid=59626,cityname=东兴,lat=21.34,lon=107.57,height=56.8
2025-12-23 17:02:27 provname=广西,obtid=59631,cityname=防城,lat=21.47,lon=108.21,height=32.4
2025-12-23 17:02:27 provname=广西,obtid=59632,cityname=钦州,lat=21.59,lon=108.36,height=49.2
2025-12-23 17:02:27 provname=广西,obtid=59644,cityname=北海,lat=21.27,lon=109.08,height=12.8
2025-12-23 17:02:27 provname=广西,obtid=59647,cityname=涠洲岛,lat=21.02,lon=109.06,height=55.2
2025-12-23 17:02:27 provname=贵州,obtid=56691,cityname=威宁,lat=26.52,lon=104.17,height=2237.5
2025-12-23 17:02:27 provname=贵州,obtid=56693,cityname=水城,lat=26.35,lon=104.52,height=1815.9
2025-12-23 17:02:27 provname=贵州,obtid=56792,cityname=普安,lat=25.47,lon=104.58,height=1649.4
2025-12-23 17:02:27 provname=贵州,obtid=56793,cityname=盘县,lat=25.43,lon=104.28,height=1800
2025-12-23 17:02:27 provname=贵州,obtid=57606,cityname=桐梓,lat=28.08,lon=106.5,height=972
2025-12-23 17:02:27 provname=贵州,obtid=57614,cityname=习水,lat=28.2,lon=106.13,height=1180.2
2025-12-23 17:02:27 provname=贵州,obtid=57625,cityname=正安,lat=28.33,lon=107.27,height=679.7
2025-12-23 17:02:27 provname=贵州,obtid=57647,cityname=松桃,lat=28.09,lon=109.11,height=406.1
2025-12-23 17:02:27 provname=贵州,obtid=57707,cityname=毕节,lat=27.18,lon=105.17,height=1510.6
2025-12-23 17:02:27 provname=贵州,obtid=57710,cityname=仁怀,lat=27.48,lon=106.24,height=890.3
2025-12-23 17:02:27 provname=贵州,obtid=57712,cityname=汇川,lat=27.44,lon=106.57,height=983.5
2025-12-23 17:02:27 provname=贵州,obtid=57718,cityname=息烽,lat=27.06,lon=106.43,height=1112.1
2025-12-23 17:02:27 provname=贵州,obtid=57722,cityname=湄潭,lat=27.46,lon=107.28,height=792.2
2025-12-23 17:02:27 provname=贵州,obtid=57729,cityname=余庆,lat=27.14,lon=107.53,height=622.1
2025-12-23 17:02:27 provname=贵州,obtid=57731,cityname=思南,lat=27.57,lon=108.15,height=416.8
2025-12-23 17:02:27 provname=贵州,obtid=57741,cityname=铜仁,lat=27.43,lon=109.1,height=353.2
2025-12-23 17:02:27 provname=贵州,obtid=57803,cityname=黔西,lat=27.02,lon=106.01,height=1231.4
2025-12-23 17:02:27 provname=贵州,obtid=57805,cityname=织金,lat=26.41,lon=105.46,height=1319.3
2025-12-23 17:02:27 provname=贵州,obtid=57806,cityname=安顺,lat=26.15,lon=105.54,height=1431.1
2025-12-23 17:02:27 provname=贵州,obtid=57816,cityname=贵阳,lat=26.35,lon=106.44,height=1223.8
2025-12-23 17:02:27 provname=贵州,obtid=57825,cityname=凯里,lat=26.36,lon=107.59,height=720.3
2025-12-23 17:02:27 provname=贵州,obtid=57827,cityname=都匀,lat=26.19,lon=107.32,height=969.1
2025-12-23 17:02:27 provname=贵州,obtid=57832,cityname=三穗,lat=26.58,lon=108.4,height=626.9
2025-12-23 17:02:27 provname=贵州,obtid=57839,cityname=黎平,lat=26.14,lon=109.08,height=568.8
2025-12-23 17:02:27 provname=贵州,obtid=57840,cityname=天柱,lat=26.54,lon=109.12,height=401.4
2025-12-23 17:02:27 provname=贵州,obtid=57902,cityname=兴仁,lat=25.26,lon=105.11,height=1378.5
2025-12-23 17:02:27 provname=贵州,obtid=57906,cityname=望谟,lat=25.11,lon=106.05,height=566.8
2025-12-23 17:02:27 provname=贵州,obtid=57907,cityname=兴义,lat=25.05,lon=104.54,height=1299.6
2025-12-23 17:02:27 provname=贵州,obtid=57910,cityname=紫云,lat=25.46,lon=106.05,height=1197.6
2025-12-23 17:02:27 provname=贵州,obtid=57912,cityname=惠水,lat=26.08,lon=106.38,height=990.9
2025-12-23 17:02:27 provname=贵州,obtid=57916,cityname=罗甸,lat=25.26,lon=106.46,height=440.3
2025-12-23 17:02:27 provname=贵州,obtid=57922,cityname=独山,lat=25.5,lon=107.33,height=1013.3
2025-12-23 17:02:27 provname=贵州,obtid=57926,cityname=荔波,lat=25.25,lon=107.53,height=428.7
2025-12-23 17:02:27 provname=贵州,obtid=57932,cityname=榕江,lat=25.56,lon=108.31,height=285.7
2025-12-23 17:02:27 provname=海南,obtid=59758,cityname=海口,lat=20,lon=110.15,height=63.5
2025-12-23 17:02:27 provname=海南,obtid=59838,cityname=东方,lat=19.06,lon=108.37,height=7.6
2025-12-23 17:02:27 provname=海南,obtid=59845,cityname=儋州,lat=19.31,lon=109.35,height=169
2025-12-23 17:02:27 provname=海南,obtid=59849,cityname=琼中,lat=19.02,lon=109.5,height=250.9
2025-12-23 17:02:27 provname=海南,obtid=59855,cityname=琼海,lat=19.14,lon=110.28,height=24
2025-12-23 17:02:27 provname=海南,obtid=59948,cityname=三亚,lat=18.13,lon=109.35,height=419.4
2025-12-23 17:02:27 provname=海南,obtid=59954,cityname=陵水,lat=18.33,lon=110.02,height=35.2
2025-12-23 17:02:27 provname=海南,obtid=59981,cityname=西沙,lat=16.5,lon=112.2,height=4.7
2025-12-23 17:02:27 provname=河北,obtid=53399,cityname=张北,lat=41.09,lon=114.42,height=1393.3
2025-12-23 17:02:27 provname=河北,obtid=53593,cityname=蔚县,lat=39.5,lon=114.34,height=909.5
2025-12-23 17:02:27 provname=河北,obtid=53698,cityname=石家庄,lat=38.04,lon=114.21,height=103.6
2025-12-23 17:02:27 provname=河北,obtid=53798,cityname=邢台,lat=37.11,lon=114.22,height=183
2025-12-23 17:02:27 provname=河北,obtid=54308,cityname=丰宁,lat=41.12,lon=116.38,height=735.1
2025-12-23 17:02:27 provname=河北,obtid=54311,cityname=围场,lat=41.58,lon=117.46,height=892.7
2025-12-23 17:02:27 provname=河北,obtid=54401,cityname=张家口,lat=40.46,lon=114.55,height=772.8
2025-12-23 17:02:27 provname=河北,obtid=54405,cityname=怀来,lat=40.25,lon=115.3,height=570.9
2025-12-23 17:02:27 provname=河北,obtid=54423,cityname=承德,lat=40.58,lon=117.55,height=422.3
2025-12-23 17:02:27 provname=河北,obtid=54429,cityname=遵化,lat=40.12,lon=117.57,height=54.9
2025-12-23 17:02:27 provname=河北,obtid=54436,cityname=青龙,lat=40.25,lon=118.57,height=254.3
2025-12-23 17:02:27 provname=河北,obtid=54449,cityname=秦皇岛,lat=39.51,lon=119.31,height=2.4
2025-12-23 17:02:27 provname=河北,obtid=54518,cityname=霸州,lat=39.1,lon=116.24,height=8.9
2025-12-23 17:02:27 provname=河北,obtid=54534,cityname=唐山,lat=39.39,lon=118.06,height=23.2
2025-12-23 17:02:27 provname=河北,obtid=54535,cityname=唐海,lat=39.17,lon=118.28,height=3.2
2025-12-23 17:02:27 provname=河北,obtid=54539,cityname=乐亭,lat=39.26,lon=118.53,height=8.5
2025-12-23 17:02:27 provname=河北,obtid=54602,cityname=保定,lat=38.44,lon=115.29,height=16.8
2025-12-23 17:02:27 provname=河北,obtid=54606,cityname=饶阳,lat=38.14,lon=115.44,height=17.9
2025-12-23 17:02:27 provname=河北,obtid=54618,cityname=泊头,lat=38.05,lon=116.33,height=13.2
2025-12-23 17:02:27 provname=河北,obtid=54624,cityname=黄骅,lat=38.24,lon=117.19,height=4.5
2025-12-23 17:02:27 provname=河北,obtid=54705,cityname=南宫,lat=37.22,lon=115.23,height=27.4
2025-12-23 17:02:27 provname=河南,obtid=53898,cityname=安阳,lat=36.03,lon=114.08,height=194.8
2025-12-23 17:02:27 provname=河南,obtid=53986,cityname=新乡,lat=35.19,lon=113.53,height=73.2
2025-12-23 17:02:27 provname=河南,obtid=57051,cityname=三门峡,lat=34.48,lon=111.12,height=409.9
2025-12-23 17:02:27 provname=河南,obtid=57067,cityname=卢氏,lat=34.05,lon=111.04,height=658.5
2025-12-23 17:02:27 provname=河南,obtid=57071,cityname=孟津,lat=34.49,lon=112.26,height=333.3
2025-12-23 17:02:27 provname=河南,obtid=57077,cityname=栾川,lat=33.47,lon=111.39,height=742.4
2025-12-23 17:02:27 provname=河南,obtid=57083,cityname=郑州,lat=34.43,lon=113.39,height=110.4
2025-12-23 17:02:27 provname=河南,obtid=57084,cityname=嵩山,lat=34.3,lon=113.03,height=1178.4
2025-12-23 17:02:27 provname=河南,obtid=57089,cityname=许昌,lat=34.04,lon=113.56,height=67.2
2025-12-23 17:02:27 provname=河南,obtid=57091,cityname=开封,lat=34.47,lon=114.18,height=73.7
2025-12-23 17:02:27 provname=河南,obtid=57156,cityname=西峡,lat=33.18,lon=111.3,height=250.3
2025-12-23 17:02:27 provname=河南,obtid=57178,cityname=南阳,lat=33.06,lon=112.29,height=180.6
2025-12-23 17:02:27 provname=河南,obtid=57181,cityname=宝丰,lat=33.53,lon=113.03,height=136.4
2025-12-23 17:02:27 provname=河南,obtid=57193,cityname=西华,lat=33.47,lon=114.31,height=52.6
2025-12-23 17:02:27 provname=河南,obtid=57285,cityname=桐柏,lat=32.23,lon=113.25,height=153
2025-12-23 17:02:27 provname=河南,obtid=57290,cityname=驻马店,lat=32.56,lon=113.55,height=106.2
2025-12-23 17:02:27 provname=河南,obtid=57297,cityname=信阳,lat=32.08,lon=114.03,height=114.5
2025-12-23 17:02:27 provname=河南,obtid=58005,cityname=商丘,lat=34.26,lon=115.32,height=50.8
2025-12-23 17:02:27 provname=河南,obtid=58111,cityname=永城,lat=33.58,lon=116.27,height=32.5
2025-12-23 17:02:27 provname=河南,obtid=58208,cityname=固始,lat=32.1,lon=115.37,height=42.9
2025-12-23 17:02:27 provname=黑龙江,obtid=50136,cityname=漠河,lat=52.58,lon=122.31,height=438.5
2025-12-23 17:02:27 provname=黑龙江,obtid=50246,cityname=塔河,lat=52.21,lon=124.43,height=361.9
2025-12-23 17:02:27 provname=黑龙江,obtid=50247,cityname=呼中,lat=52.02,lon=123.34,height=514.5
2025-12-23 17:02:27 provname=黑龙江,obtid=50349,cityname=新林,lat=51.4,lon=124.24,height=501.5
2025-12-23 17:02:27 provname=黑龙江,obtid=50353,cityname=呼玛,lat=51.44,lon=126.38,height=173.9
2025-12-23 17:02:27 provname=黑龙江,obtid=50442,cityname=加格达奇,lat=50.24,lon=124.07,height=371.7
2025-12-23 17:02:27 provname=黑龙江,obtid=50468,cityname=爱辉,lat=50.15,lon=127.27,height=166.4
2025-12-23 17:02:27 provname=黑龙江,obtid=50557,cityname=嫩江,lat=49.1,lon=125.14,height=242.2
2025-12-23 17:02:27 provname=黑龙江,obtid=50564,cityname=孙吴,lat=49.26,lon=127.21,height=234.5
2025-12-23 17:02:27 provname=黑龙江,obtid=50656,cityname=北安,lat=48.15,lon=126.3,height=278.4
2025-12-23 17:02:27 provname=黑龙江,obtid=50658,cityname=克山,lat=48.03,lon=125.53,height=236
2025-12-23 17:02:27 provname=黑龙江,obtid=50674,cityname=乌伊岭,lat=48.34,lon=129.26,height=404.5
2025-12-23 17:02:27 provname=黑龙江,obtid=50739,cityname=龙江,lat=47.18,lon=123.15,height=209.3
2025-12-23 17:02:27 provname=黑龙江,obtid=50742,cityname=富裕,lat=47.48,lon=124.29,height=162.7
2025-12-23 17:02:27 provname=黑龙江,obtid=50745,cityname=齐齐哈尔,lat=47.23,lon=123.55,height=147.1
2025-12-23 17:02:27 provname=黑龙江,obtid=50756,cityname=海伦,lat=47.27,lon=126.52,height=247.3
2025-12-23 17:02:27 provname=黑龙江,obtid=50758,cityname=明水,lat=47.11,lon=125.54,height=246
2025-12-23 17:02:27 provname=黑龙江,obtid=50774,cityname=伊春,lat=47.42,lon=128.5,height=264.8
2025-12-23 17:02:27 provname=黑龙江,obtid=50778,cityname=同江,lat=47.4,lon=132.32,height=57.5
2025-12-23 17:02:27 provname=黑龙江,obtid=50788,cityname=富锦,lat=47.14,lon=131.59,height=66.4
2025-12-23 17:02:27 provname=黑龙江,obtid=50844,cityname=泰来,lat=46.24,lon=123.27,height=138.8
2025-12-23 17:02:27 provname=黑龙江,obtid=50853,cityname=北林,lat=46.37,lon=126.58,height=179.6
2025-12-23 17:02:27 provname=黑龙江,obtid=50854,cityname=安达,lat=46.23,lon=125.19,height=149.3
2025-12-23 17:02:27 provname=黑龙江,obtid=50862,cityname=铁力,lat=46.59,lon=127.59,height=206
2025-12-23 17:02:27 provname=黑龙江,obtid=50873,cityname=佳木斯,lat=46.47,lon=130.18,height=82
2025-12-23 17:02:27 provname=黑龙江,obtid=50877,cityname=依兰,lat=46.18,lon=129.35,height=100.1
2025-12-23 17:02:27 provname=黑龙江,obtid=50888,cityname=宝清,lat=46.23,lon=132.1,height=79.6
2025-12-23 17:02:27 provname=黑龙江,obtid=50950,cityname=肇州,lat=45.42,lon=125.15,height=148.7
2025-12-23 17:02:27 provname=黑龙江,obtid=50953,cityname=哈尔滨,lat=45.56,lon=126.34,height=118.3
2025-12-23 17:02:27 provname=黑龙江,obtid=50955,cityname=双城,lat=45.24,lon=126.19,height=168.3
2025-12-23 17:02:27 provname=黑龙江,obtid=50963,cityname=通河,lat=45.58,lon=128.44,height=108.6
2025-12-23 17:02:27 provname=黑龙江,obtid=50968,cityname=尚志,lat=45.13,lon=127.58,height=189.7
2025-12-23 17:02:27 provname=黑龙江,obtid=50973,cityname=勃利,lat=45.45,lon=130.36,height=234.4
2025-12-23 17:02:27 provname=黑龙江,obtid=50978,cityname=鸡西,lat=45.18,lon=130.55,height=272.5
2025-12-23 17:02:27 provname=黑龙江,obtid=50983,cityname=虎林,lat=45.46,lon=132.58,height=100.2
2025-12-23 17:02:27 provname=黑龙江,obtid=54094,cityname=牡丹江,lat=44.3,lon=129.4,height=305.7
2025-12-23 17:02:27 provname=黑龙江,obtid=54096,cityname=绥芬河,lat=44.23,lon=131.1,height=567.8
2025-12-23 17:02:27 provname=湖北,obtid=57251,cityname=郧西,lat=33,lon=110.24,height=317.3
2025-12-23 17:02:27 provname=湖北,obtid=57256,cityname=十堰,lat=32.39,lon=110.47,height=286.5
2025-12-23 17:02:27 provname=湖北,obtid=57259,cityname=房县,lat=32.02,lon=110.46,height=426.9
2025-12-23 17:02:27 provname=湖北,obtid=57265,cityname=老河口,lat=32.26,lon=111.44,height=132.1
2025-12-23 17:02:27 provname=湖北,obtid=57278,cityname=襄樊,lat=32,lon=112.05,height=163.4
2025-12-23 17:02:27 provname=湖北,obtid=57279,cityname=枣阳,lat=32.09,lon=112.45,height=125.5
2025-12-23 17:02:27 provname=湖北,obtid=57355,cityname=巴东,lat=31.02,lon=110.22,height=334
2025-12-23 17:02:27 provname=湖北,obtid=57358,cityname=秭归,lat=30.5,lon=110.58,height=295.5
2025-12-23 17:02:27 provname=湖北,obtid=57359,cityname=兴山,lat=31.21,lon=110.44,height=336.8
2025-12-23 17:02:27 provname=湖北,obtid=57363,cityname=南漳,lat=31.48,lon=111.5,height=151
2025-12-23 17:02:27 provname=湖北,obtid=57378,cityname=钟祥,lat=31.11,lon=112.37,height=108
2025-12-23 17:02:27 provname=湖北,obtid=57381,cityname=随州,lat=31.37,lon=113.2,height=116.3
2025-12-23 17:02:27 provname=湖北,obtid=57395,cityname=大悟,lat=31.34,lon=114.07,height=74.9
2025-12-23 17:02:27 provname=湖北,obtid=57399,cityname=麻城,lat=31.08,lon=114.57,height=74.3
2025-12-23 17:02:27 provname=湖北,obtid=57439,cityname=利川,lat=30.17,lon=108.56,height=1074.1
2025-12-23 17:02:27 provname=湖北,obtid=57445,cityname=建始,lat=30.36,lon=109.43,height=609.2
2025-12-23 17:02:27 provname=湖北,obtid=57447,cityname=恩施,lat=30.17,lon=109.28,height=457.1
2025-12-23 17:02:27 provname=湖北,obtid=57458,cityname=五峰,lat=30.12,lon=110.4,height=619.9
2025-12-23 17:02:27 provname=湖北,obtid=57461,cityname=宜昌,lat=30.44,lon=111.22,height=256.5
2025-12-23 17:02:27 provname=湖北,obtid=57476,cityname=荆州,lat=30.21,lon=112.09,height=31.8
2025-12-23 17:02:27 provname=湖北,obtid=57482,cityname=孝感,lat=30.54,lon=113.57,height=25.5
2025-12-23 17:02:27 provname=湖北,obtid=57483,cityname=天门,lat=30.4,lon=113.08,height=31.9
2025-12-23 17:02:27 provname=湖北,obtid=57493,cityname=江夏,lat=30.21,lon=114.2,height=73.5
2025-12-23 17:02:27 provname=湖北,obtid=57494,cityname=武汉,lat=30.36,lon=114.03,height=23.6
2025-12-23 17:02:27 provname=湖北,obtid=57545,cityname=来凤,lat=29.32,lon=109.25,height=502.8
2025-12-23 17:02:27 provname=湖北,obtid=57573,cityname=监利,lat=29.5,lon=112.54,height=30
2025-12-23 17:02:27 provname=湖北,obtid=57581,cityname=洪湖,lat=29.49,lon=113.27,height=27.4
2025-12-23 17:02:27 provname=湖北,obtid=57583,cityname=嘉鱼,lat=29.55,lon=113.58,height=61.7
2025-12-23 17:02:27 provname=湖北,obtid=57595,cityname=通山,lat=29.36,lon=114.3,height=76.1
2025-12-23 17:02:27 provname=湖北,obtid=58402,cityname=英山,lat=30.44,lon=115.4,height=123.8
2025-12-23 17:02:27 provname=湖北,obtid=58407,cityname=黄石,lat=30.14,lon=115.02,height=32.2
2025-12-23 17:02:27 provname=湖北,obtid=58500,cityname=阳新,lat=29.54,lon=115.13,height=57
2025-12-23 17:02:27 provname=湖南,obtid=57554,cityname=桑植,lat=29.24,lon=110.1,height=322.2
2025-12-23 17:02:27 provname=湖南,obtid=57562,cityname=石门,lat=29.35,lon=111.22,height=116.9
2025-12-23 17:02:27 provname=湖南,obtid=57574,cityname=南县,lat=29.22,lon=112.24,height=36
2025-12-23 17:02:27 provname=湖南,obtid=57584,cityname=岳阳,lat=29.23,lon=113.05,height=53
2025-12-23 17:02:27 provname=湖南,obtid=57642,cityname=保靖,lat=28.42,lon=109.39,height=325.3
2025-12-23 17:02:27 provname=湖南,obtid=57649,cityname=吉首,lat=28.14,lon=109.41,height=254.6
2025-12-23 17:02:27 provname=湖南,obtid=57655,cityname=沅陵,lat=28.28,lon=110.24,height=151.6
2025-12-23 17:02:27 provname=湖南,obtid=57662,cityname=常德,lat=29.07,lon=111.41,height=150.6
2025-12-23 17:02:27 provname=湖南,obtid=57669,cityname=安化,lat=28.23,lon=111.13,height=128.3
2025-12-23 17:02:27 provname=湖南,obtid=57671,cityname=沅江,lat=28.51,lon=112.22,height=37
2025-12-23 17:02:27 provname=湖南,obtid=57673,cityname=湘阴,lat=28.41,lon=112.53,height=53.2
2025-12-23 17:02:27 provname=湖南,obtid=57679,cityname=马坡岭,lat=28.12,lon=113.11,height=101.4
2025-12-23 17:02:27 provname=湖南,obtid=57682,cityname=平江,lat=28.43,lon=113.34,height=106.3
2025-12-23 17:02:27 provname=湖南,obtid=57687,cityname=长沙,lat=28.06,lon=112.47,height=119
2025-12-23 17:02:27 provname=湖南,obtid=57745,cityname=芷江,lat=27.27,lon=109.41,height=272.2
2025-12-23 17:02:27 provname=湖南,obtid=57749,cityname=怀化,lat=27.34,lon=110,height=257.8
2025-12-23 17:02:27 provname=湖南,obtid=57752,cityname=溆浦,lat=27.55,lon=110.36,height=204
2025-12-23 17:02:27 provname=湖南,obtid=57758,cityname=洞口,lat=27.02,lon=110.36,height=339.5
2025-12-23 17:02:27 provname=湖南,obtid=57761,cityname=新化,lat=27.45,lon=111.18,height=211.9
2025-12-23 17:02:27 provname=湖南,obtid=57766,cityname=邵阳市,lat=27.11,lon=111.27,height=311
2025-12-23 17:02:27 provname=湖南,obtid=57774,cityname=双峰,lat=27.27,lon=112.1,height=100
2025-12-23 17:02:27 provname=湖南,obtid=57776,cityname=南岳,lat=27.18,lon=112.42,height=1265.9
2025-12-23 17:02:27 provname=湖南,obtid=57779,cityname=攸县,lat=27,lon=113.21,height=102.5
2025-12-23 17:02:27 provname=湖南,obtid=57780,cityname=株洲,lat=27.52,lon=113.1,height=74.6
2025-12-23 17:02:27 provname=湖南,obtid=57841,cityname=靖州,lat=26.34,lon=109.4,height=320.3
2025-12-23 17:02:27 provname=湖南,obtid=57845,cityname=通道,lat=26.1,lon=109.47,height=397.5
2025-12-23 17:02:27 provname=湖南,obtid=57853,cityname=武冈,lat=26.44,lon=110.38,height=341
2025-12-23 17:02:27 provname=湖南,obtid=57857,cityname=城步,lat=26.22,lon=110.19,height=477.7
2025-12-23 17:02:27 provname=湖南,obtid=57860,cityname=邵阳县,lat=27,lon=111.17,height=283.3
2025-12-23 17:02:27 provname=湖南,obtid=57866,cityname=永州,lat=26.14,lon=111.37,height=172.6
2025-12-23 17:02:27 provname=湖南,obtid=57872,cityname=衡阳市,lat=26.53,lon=112.36,height=104.9
2025-12-23 17:02:27 provname=湖南,obtid=57874,cityname=常宁,lat=26.25,lon=112.24,height=116.6
2025-12-23 17:02:27 provname=湖南,obtid=57889,cityname=桂东,lat=26.05,lon=113.57,height=835.9
2025-12-23 17:02:27 provname=湖南,obtid=57965,cityname=道县,lat=25.32,lon=111.36,height=192.2
2025-12-23 17:02:27 provname=湖南,obtid=57972,cityname=郴州,lat=25.44,lon=112.58,height=368.8
2025-12-23 17:02:27 provname=湖南,obtid=57974,cityname=嘉禾,lat=25.35,lon=112.22,height=214.5
2025-12-23 17:02:27 provname=吉林,obtid=50936,cityname=白城,lat=45.38,lon=122.5,height=155.3
2025-12-23 17:02:27 provname=吉林,obtid=50945,cityname=大安,lat=45.3,lon=124.14,height=138.1
2025-12-23 17:02:27 provname=吉林,obtid=50948,cityname=乾安,lat=45,lon=124.01,height=146.3
2025-12-23 17:02:27 provname=吉林,obtid=50949,cityname=前郭,lat=45.05,lon=124.52,height=136.2
2025-12-23 17:02:27 provname=吉林,obtid=54041,cityname=通榆,lat=44.48,lon=123.04,height=150
2025-12-23 17:02:27 provname=吉林,obtid=54049,cityname=长岭,lat=44.15,lon=123.58,height=188.9
2025-12-23 17:02:27 provname=吉林,obtid=54063,cityname=扶余,lat=44.58,lon=126,height=196.8
2025-12-23 17:02:27 provname=吉林,obtid=54064,cityname=农安,lat=44.23,lon=125.09,height=170.2
2025-12-23 17:02:27 provname=吉林,obtid=54142,cityname=双辽,lat=43.3,lon=123.32,height=114.9
2025-12-23 17:02:27 provname=吉林,obtid=54157,cityname=四平,lat=43.07,lon=124.23,height=179.5
2025-12-23 17:02:27 provname=吉林,obtid=54161,cityname=长春,lat=43.54,lon=125.13,height=236.8
2025-12-23 17:02:27 provname=吉林,obtid=54165,cityname=双阳,lat=43.33,lon=125.38,height=219.5
2025-12-23 17:02:27 provname=吉林,obtid=54171,cityname=永吉,lat=43.42,lon=126.31,height=229.5
2025-12-23 17:02:27 provname=吉林,obtid=54181,cityname=蛟河,lat=43.42,lon=127.2,height=295
2025-12-23 17:02:27 provname=吉林,obtid=54186,cityname=敦化,lat=43.22,lon=128.12,height=524.9
2025-12-23 17:02:27 provname=吉林,obtid=54195,cityname=汪清,lat=43.18,lon=129.47,height=244.8
2025-12-23 17:02:27 provname=吉林,obtid=54260,cityname=辽源,lat=42.55,lon=125.05,height=252.9
2025-12-23 17:02:27 provname=吉林,obtid=54263,cityname=磐石,lat=42.58,lon=126.05,height=351.2
2025-12-23 17:02:27 provname=吉林,obtid=54266,cityname=梅河口,lat=42.32,lon=125.38,height=340.5
2025-12-23 17:02:27 provname=吉林,obtid=54273,cityname=桦甸,lat=42.59,lon=126.45,height=263.3
2025-12-23 17:02:27 provname=吉林,obtid=54276,cityname=靖宇,lat=42.24,lon=126.48,height=570
2025-12-23 17:02:27 provname=吉林,obtid=54284,cityname=东岗,lat=42.09,lon=127.3,height=774.2
2025-12-23 17:02:27 provname=吉林,obtid=54285,cityname=二道,lat=42.25,lon=128.07,height=721.4
2025-12-23 17:02:27 provname=吉林,obtid=54286,cityname=和龙?,lat=42.32,lon=129,height=475.6
2025-12-23 17:02:27 provname=吉林,obtid=54292,cityname=延吉,lat=42.52,lon=129.3,height=257.3
2025-12-23 17:02:27 provname=吉林,obtid=54363,cityname=通化?,lat=41.41,lon=125.54,height=402.9
2025-12-23 17:02:27 provname=吉林,obtid=54374,cityname=临江,lat=41.48,lon=126.53,height=379.7
2025-12-23 17:02:27 provname=吉林,obtid=54377,cityname=集安,lat=41.09,lon=126.13,height=225.1
2025-12-23 17:02:27 provname=吉林,obtid=54386,cityname=长白,lat=41.25,lon=128.11,height=775
2025-12-23 17:02:27 provname=江苏,obtid=58026,cityname=邳州,lat=34.24,lon=118.01,height=25.7
2025-12-23 17:02:27 provname=江苏,obtid=58027,cityname=徐州,lat=34.17,lon=117.09,height=41.2
2025-12-23 17:02:27 provname=江苏,obtid=58038,cityname=沭阳,lat=34.05,lon=118.47,height=10.4
2025-12-23 17:02:27 provname=江苏,obtid=58040,cityname=赣榆,lat=34.51,lon=119.08,height=5.3
2025-12-23 17:02:27 provname=江苏,obtid=58047,cityname=灌云,lat=34.15,lon=119.14,height=4.8
2025-12-23 17:02:27 provname=江苏,obtid=58130,cityname=睢宁,lat=33.56,lon=117.57,height=23.8
2025-12-23 17:02:27 provname=江苏,obtid=58135,cityname=泗洪,lat=33.29,lon=118.13,height=16.9
2025-12-23 17:02:27 provname=江苏,obtid=58138,cityname=盱眙,lat=32.59,lon=118.31,height=40.8
2025-12-23 17:02:27 provname=江苏,obtid=58141,cityname=淮安,lat=33.38,lon=118.56,height=12.5
2025-12-23 17:02:27 provname=江苏,obtid=58143,cityname=阜宁,lat=33.48,lon=119.51,height=4.8
2025-12-23 17:02:27 provname=江苏,obtid=58150,cityname=射阳,lat=33.45,lon=120.18,height=1.8
2025-12-23 17:02:27 provname=江苏,obtid=58158,cityname=大丰,lat=33.1,lon=120.27,height=3.1
2025-12-23 17:02:27 provname=江苏,obtid=58238,cityname=南京,lat=31.56,lon=118.54,height=35.2
2025-12-23 17:02:27 provname=江苏,obtid=58241,cityname=高邮,lat=32.48,lon=119.27,height=5.4
2025-12-23 17:02:27 provname=江苏,obtid=58251,cityname=东台,lat=32.51,lon=120.17,height=3.3
2025-12-23 17:02:27 provname=江苏,obtid=58252,cityname=丹徒,lat=32.11,lon=119.28,height=27.3
2025-12-23 17:02:27 provname=江苏,obtid=58255,cityname=如皋,lat=32.22,lon=120.34,height=6.4
2025-12-23 17:02:27 provname=江苏,obtid=58259,cityname=南通,lat=32.05,lon=120.59,height=4.8
2025-12-23 17:02:27 provname=江苏,obtid=58265,cityname=吕泗,lat=32.04,lon=121.36,height=3.6
2025-12-23 17:02:27 provname=江苏,obtid=58343,cityname=常州,lat=31.52,lon=119.59,height=4.4
2025-12-23 17:02:27 provname=江苏,obtid=58345,cityname=溧阳,lat=31.26,lon=119.3,height=5.9
2025-12-23 17:02:27 provname=江苏,obtid=58354,cityname=无锡,lat=31.37,lon=120.21,height=3.2
2025-12-23 17:02:27 provname=江苏,obtid=58356,cityname=昆山,lat=31.24,lon=121,height=3.2
2025-12-23 17:02:27 provname=江苏,obtid=58358,cityname=东山,lat=31.04,lon=120.26,height=16.7
2025-12-23 17:02:27 provname=江西,obtid=57598,cityname=修水,lat=29.02,lon=114.35,height=146.8
2025-12-23 17:02:27 provname=江西,obtid=57696,cityname=宜丰,lat=28.24,lon=114.47,height=91.7
2025-12-23 17:02:27 provname=江西,obtid=57789,cityname=莲花,lat=27.08,lon=113.57,height=194.5
2025-12-23 17:02:27 provname=江西,obtid=57793,cityname=宜春,lat=27.48,lon=114.23,height=131.3
2025-12-23 17:02:27 provname=江西,obtid=57799,cityname=吉安县,lat=27.03,lon=114.55,height=71.2
2025-12-23 17:02:27 provname=江西,obtid=57894,cityname=井冈山,lat=26.35,lon=114.1,height=843
2025-12-23 17:02:27 provname=江西,obtid=57896,cityname=遂川,lat=26.2,lon=114.3,height=126.1
2025-12-23 17:02:27 provname=江西,obtid=57993,cityname=赣县,lat=25.52,lon=115,height=137.5
2025-12-23 17:02:27 provname=江西,obtid=58506,cityname=庐山,lat=29.34,lon=115.59,height=1164.5
2025-12-23 17:02:27 provname=江西,obtid=58507,cityname=武宁,lat=29.15,lon=115.07,height=116
2025-12-23 17:02:27 provname=江西,obtid=58519,cityname=波阳,lat=29,lon=116.41,height=40.1
2025-12-23 17:02:27 provname=江西,obtid=58527,cityname=景德镇,lat=29.18,lon=117.12,height=61.5
2025-12-23 17:02:27 provname=江西,obtid=58600,cityname=靖安,lat=28.52,lon=115.22,height=78.9
2025-12-23 17:02:27 provname=江西,obtid=58606,cityname=南昌,lat=28.36,lon=115.55,height=46.9
2025-12-23 17:02:27 provname=江西,obtid=58608,cityname=樟树,lat=28.04,lon=115.33,height=30.4
2025-12-23 17:02:27 provname=江西,obtid=58622,cityname=德兴,lat=28.57,lon=117.35,height=88.5
2025-12-23 17:02:27 provname=江西,obtid=58626,cityname=贵溪,lat=28.18,lon=117.14,height=60.8
2025-12-23 17:02:27 provname=江西,obtid=58634,cityname=玉山,lat=28.41,lon=118.15,height=116.3
2025-12-23 17:02:27 provname=江西,obtid=58637,cityname=上饶,lat=28.27,lon=117.59,height=118.2
2025-12-23 17:02:27 provname=江西,obtid=58705,cityname=永丰,lat=27.2,lon=115.25,height=85.7
2025-12-23 17:02:27 provname=江西,obtid=58715,cityname=南城,lat=27.35,lon=116.39,height=80.8
2025-12-23 17:02:27 provname=江西,obtid=58718,cityname=南丰,lat=27.13,lon=116.32,height=111.5
2025-12-23 17:02:27 provname=江西,obtid=58806,cityname=宁都,lat=26.29,lon=116.01,height=209.1
2025-12-23 17:02:27 provname=江西,obtid=58813,cityname=广昌,lat=26.51,lon=116.2,height=143.8
2025-12-23 17:02:27 provname=江西,obtid=59092,cityname=龙南,lat=24.52,lon=114.48,height=250.2
2025-12-23 17:02:27 provname=江西,obtid=59102,cityname=寻乌,lat=24.57,lon=115.39,height=303.9
2025-12-23 17:02:27 provname=辽宁,obtid=54236,cityname=彰武,lat=42.23,lon=122.33,height=79.4
2025-12-23 17:02:27 provname=辽宁,obtid=54237,cityname=阜新,lat=42.04,lon=121.45,height=167.8
2025-12-23 17:02:27 provname=辽宁,obtid=54243,cityname=昌图,lat=42.47,lon=124.06,height=165.1
2025-12-23 17:02:27 provname=辽宁,obtid=54254,cityname=开原,lat=42.32,lon=124.03,height=98.2
2025-12-23 17:02:27 provname=辽宁,obtid=54259,cityname=清原,lat=42.04,lon=124.52,height=224
2025-12-23 17:02:27 provname=辽宁,obtid=54324,cityname=朝阳,lat=41.33,lon=120.26,height=174.3
2025-12-23 17:02:27 provname=辽宁,obtid=54326,cityname=建平县,lat=41.25,lon=119.37,height=462.2
2025-12-23 17:02:27 provname=辽宁,obtid=54333,cityname=新民,lat=41.58,lon=122.51,height=30.9
2025-12-23 17:02:27 provname=辽宁,obtid=54334,cityname=义县,lat=41.31,lon=121.15,height=74.2
2025-12-23 17:02:27 provname=辽宁,obtid=54335,cityname=黑山,lat=41.41,lon=122.05,height=37.5
2025-12-23 17:02:27 provname=辽宁,obtid=54337,cityname=锦州,lat=41.08,lon=121.07,height=65.9
2025-12-23 17:02:27 provname=辽宁,obtid=54339,cityname=鞍山,lat=41.05,lon=123,height=77.3
2025-12-23 17:02:27 provname=辽宁,obtid=54342,cityname=沈阳,lat=41.44,lon=123.31,height=49
2025-12-23 17:02:27 provname=辽宁,obtid=54346,cityname=本溪,lat=41.18,lon=123.47,height=185.4
2025-12-23 17:02:27 provname=辽宁,obtid=54349,cityname=本溪县,lat=41.18,lon=124.08,height=258.9
2025-12-23 17:02:27 provname=辽宁,obtid=54351,cityname=抚顺,lat=41.55,lon=124.04,height=118.5
2025-12-23 17:02:27 provname=辽宁,obtid=54353,cityname=新宾,lat=41.44,lon=125.03,height=328.4
2025-12-23 17:02:27 provname=辽宁,obtid=54365,cityname=桓仁,lat=41.17,lon=125.21,height=245.5
2025-12-23 17:02:27 provname=辽宁,obtid=54452,cityname=建昌,lat=40.48,lon=119.48,height=367
2025-12-23 17:02:27 provname=辽宁,obtid=54454,cityname=绥中,lat=40.2,lon=120.18,height=29
2025-12-23 17:02:27 provname=辽宁,obtid=54455,cityname=兴城,lat=40.37,lon=120.39,height=20.5
2025-12-23 17:02:27 provname=辽宁,obtid=54470,cityname=大洼,lat=41.01,lon=122.03,height=5.5
2025-12-23 17:02:27 provname=辽宁,obtid=54471,cityname=营口,lat=40.4,lon=122.1,height=3.8
2025-12-23 17:02:27 provname=辽宁,obtid=54472,cityname=海城,lat=40.53,lon=122.45,height=25.3
2025-12-23 17:02:27 provname=辽宁,obtid=54476,cityname=熊岳,lat=40.11,lon=122.09,height=20.4
2025-12-23 17:02:27 provname=辽宁,obtid=54486,cityname=岫岩,lat=40.2,lon=123.17,height=97.7
2025-12-23 17:02:27 provname=辽宁,obtid=54493,cityname=宽甸,lat=40.43,lon=124.47,height=260.1
2025-12-23 17:02:27 provname=辽宁,obtid=54497,cityname=丹东,lat=40.02,lon=124.2,height=13.8
2025-12-23 17:02:27 provname=辽宁,obtid=54563,cityname=瓦房店,lat=39.38,lon=122.01,height=118.7
2025-12-23 17:02:27 provname=辽宁,obtid=54579,cityname=长海,lat=39.16,lon=122.35,height=35.5
2025-12-23 17:02:27 provname=辽宁,obtid=54584,cityname=庄河,lat=39.43,lon=122.57,height=34.8
2025-12-23 17:02:27 provname=辽宁,obtid=54660,cityname=旅顺,lat=38.49,lon=121.14,height=66.7
2025-12-23 17:02:27 provname=辽宁,obtid=54662,cityname=大连,lat=38.55,lon=121.38,height=91.5
2025-12-23 17:02:27 provname=内蒙古,obtid=50425,cityname=额尔古纳市,lat=50.15,lon=120.11,height=581.4
2025-12-23 17:02:27 provname=内蒙古,obtid=50434,cityname=图里河,lat=50.29,lon=121.41,height=732.6
2025-12-23 17:02:27 provname=内蒙古,obtid=50514,cityname=满洲里,lat=49.35,lon=117.19,height=661.8
2025-12-23 17:02:27 provname=内蒙古,obtid=50527,cityname=海拉尔,lat=49.15,lon=119.42,height=649.6
2025-12-23 17:02:27 provname=内蒙古,obtid=50548,cityname=小二沟,lat=49.12,lon=123.43,height=286.1
2025-12-23 17:02:27 provname=内蒙古,obtid=50603,cityname=新巴尔虎右旗,lat=48.41,lon=116.49,height=542.4
2025-12-23 17:02:27 provname=内蒙古,obtid=50618,cityname=新巴尔虎左旗,lat=48.13,lon=118.16,height=642
2025-12-23 17:02:27 provname=内蒙古,obtid=50632,cityname=博克图,lat=48.46,lon=121.55,height=739.7
2025-12-23 17:02:27 provname=内蒙古,obtid=50639,cityname=扎兰屯,lat=48,lon=122.44,height=306.5
2025-12-23 17:02:27 provname=内蒙古,obtid=50727,cityname=阿尔山,lat=47.1,lon=119.56,height=997.2
2025-12-23 17:02:27 provname=内蒙古,obtid=50834,cityname=索伦,lat=46.36,lon=121.13,height=499.7
2025-12-23 17:02:27 provname=内蒙古,obtid=50838,cityname=乌兰浩特,lat=46.05,lon=122.03,height=274.7
2025-12-23 17:02:27 provname=内蒙古,obtid=50915,cityname=东乌珠穆沁,lat=45.31,lon=116.58,height=838.9
2025-12-23 17:02:27 provname=内蒙古,obtid=50924,cityname=霍林郭勒,lat=45.33,lon=119.39,height=860
2025-12-23 17:02:27 provname=内蒙古,obtid=52267,cityname=额济纳旗,lat=41.57,lon=101.04,height=940.5
2025-12-23 17:02:27 provname=内蒙古,obtid=52495,cityname=巴彦诺尔公,lat=40.1,lon=104.48,height=1323.9
2025-12-23 17:02:27 provname=内蒙古,obtid=52576,cityname=阿右旗,lat=39.13,lon=101.41,height=1510.1
2025-12-23 17:02:27 provname=内蒙古,obtid=53068,cityname=二连浩特,lat=43.37,lon=111.56,height=963.1
2025-12-23 17:02:27 provname=内蒙古,obtid=53083,cityname=那仁宝力格,lat=44.37,lon=114.09,height=1181.6
2025-12-23 17:02:27 provname=内蒙古,obtid=53149,cityname=满都拉气象站,lat=42.32,lon=110.08,height=1225.2
2025-12-23 17:02:27 provname=内蒙古,obtid=53192,cityname=阿巴嘎旗,lat=44.01,lon=115,height=1147.7
2025-12-23 17:02:27 provname=内蒙古,obtid=53195,cityname=苏尼特左旗,lat=43.51,lon=113.38,height=1036.7
2025-12-23 17:02:27 provname=内蒙古,obtid=53276,cityname=朱日和,lat=42.24,lon=112.54,height=1150.8
2025-12-23 17:02:27 provname=内蒙古,obtid=53336,cityname=乌拉特中旗,lat=41.34,lon=108.31,height=1288
2025-12-23 17:02:27 provname=内蒙古,obtid=53352,cityname=达茂旗气象局,lat=41.42,lon=110.26,height=1376.6
2025-12-23 17:02:27 provname=内蒙古,obtid=53362,cityname=四子王,lat=41.32,lon=111.41,height=1490.1
2025-12-23 17:02:27 provname=内蒙古,obtid=53367,cityname=希拉穆仁气侯站,lat=41.19,lon=111.14,height=1602.3
2025-12-23 17:02:27 provname=内蒙古,obtid=53391,cityname=化德,lat=41.54,lon=114,height=1482.7
2025-12-23 17:02:27 provname=内蒙古,obtid=53446,cityname=包头市气象台,lat=40.32,lon=109.53,height=1004.7
2025-12-23 17:02:27 provname=内蒙古,obtid=53463,cityname=呼和浩特,lat=40.51,lon=111.34,height=1153.5
2025-12-23 17:02:27 provname=内蒙古,obtid=53480,cityname=集宁,lat=41.02,lon=113.04,height=1419.3
2025-12-23 17:02:27 provname=内蒙古,obtid=53502,cityname=吉兰太,lat=39.47,lon=105.45,height=1031.8
2025-12-23 17:02:27 provname=内蒙古,obtid=53513,cityname=临河,lat=40.44,lon=107.22,height=1041.1
2025-12-23 17:02:27 provname=内蒙古,obtid=53529,cityname=鄂托克旗,lat=39.05,lon=107.58,height=1381.4
2025-12-23 17:02:27 provname=内蒙古,obtid=53543,cityname=东胜,lat=39.5,lon=109.59,height=1461.9
2025-12-23 17:02:27 provname=内蒙古,obtid=53547,cityname=乌审召,lat=39.06,lon=109.02,height=1312.2
2025-12-23 17:02:27 provname=内蒙古,obtid=53602,cityname=阿拉善左旗,lat=38.5,lon=105.4,height=1561.4
2025-12-23 17:02:27 provname=内蒙古,obtid=54012,cityname=西乌珠穆沁,lat=44.34,lon=117.38,height=1001.7
2025-12-23 17:02:27 provname=内蒙古,obtid=54026,cityname=扎鲁特,lat=44.34,lon=120.54,height=265
2025-12-23 17:02:27 provname=内蒙古,obtid=54027,cityname=巴林左旗,lat=43.59,lon=119.24,height=486.2
2025-12-23 17:02:27 provname=内蒙古,obtid=54102,cityname=锡林浩特,lat=43.57,lon=116.07,height=1003
2025-12-23 17:02:27 provname=内蒙古,obtid=54115,cityname=林西县,lat=43.38,lon=118.02,height=825
2025-12-23 17:02:27 provname=内蒙古,obtid=54134,cityname=开鲁,lat=43.36,lon=121.17,height=241
2025-12-23 17:02:27 provname=内蒙古,obtid=54135,cityname=通辽,lat=43.36,lon=122.16,height=178.7
2025-12-23 17:02:27 provname=内蒙古,obtid=54208,cityname=多伦县,lat=42.12,lon=116.28,height=1245.4
2025-12-23 17:02:27 provname=内蒙古,obtid=54213,cityname=翁牛特旗,lat=42.56,lon=119.01,height=634.3
2025-12-23 17:02:27 provname=内蒙古,obtid=54218,cityname=赤峰,lat=42.18,lon=118.5,height=668.6
2025-12-23 17:02:27 provname=内蒙古,obtid=54226,cityname=宝国吐,lat=42.2,lon=120.42,height=400.5
2025-12-23 17:02:27 provname=宁夏,obtid=53519,cityname=惠农,lat=39.13,lon=106.46,height=1092.5
2025-12-23 17:02:27 provname=宁夏,obtid=53612,cityname=吴忠,lat=37.59,lon=106.11,height=1128.8
2025-12-23 17:02:27 provname=宁夏,obtid=53614,cityname=银川,lat=38.28,lon=106.12,height=1110.9
2025-12-23 17:02:27 provname=宁夏,obtid=53615,cityname=陶乐,lat=38.48,lon=106.42,height=1101.6
2025-12-23 17:02:27 provname=宁夏,obtid=53704,cityname=中卫,lat=37.32,lon=105.11,height=1225.7
2025-12-23 17:02:27 provname=宁夏,obtid=53705,cityname=中宁,lat=37.29,lon=105.41,height=1183.4
2025-12-23 17:02:27 provname=宁夏,obtid=53723,cityname=盐池,lat=37.48,lon=107.23,height=1349.3
2025-12-23 17:02:27 provname=宁夏,obtid=53806,cityname=海原,lat=36.34,lon=105.39,height=1854.2
2025-12-23 17:02:27 provname=宁夏,obtid=53810,cityname=同心,lat=36.58,lon=105.54,height=1339.3
2025-12-23 17:02:27 provname=宁夏,obtid=53817,cityname=固原,lat=36,lon=106.16,height=1753
2025-12-23 17:02:27 provname=宁夏,obtid=53903,cityname=西吉,lat=35.58,lon=105.43,height=1916.5
2025-12-23 17:02:27 provname=宁夏,obtid=53910,cityname=六盘山,lat=35.4,lon=106.12,height=2841.2
2025-12-23 17:02:27 provname=青海,obtid=51886,cityname=茫崖,lat=38.15,lon=90.51,height=2944.8
2025-12-23 17:02:27 provname=青海,obtid=52602,cityname=冷湖,lat=38.45,lon=93.2,height=2770
2025-12-23 17:02:27 provname=青海,obtid=52633,cityname=托勒,lat=38.49,lon=98.25,height=3367
2025-12-23 17:02:27 provname=青海,obtid=52645,cityname=野牛沟,lat=38.26,lon=99.36,height=3314
2025-12-23 17:02:27 provname=青海,obtid=52657,cityname=祁连,lat=38.11,lon=100.15,height=2787.4
2025-12-23 17:02:27 provname=青海,obtid=52707,cityname=小灶火,lat=36.48,lon=93.41,height=2767
2025-12-23 17:02:27 provname=青海,obtid=52713,cityname=大柴旦,lat=37.51,lon=95.21,height=3173.2
2025-12-23 17:02:27 provname=青海,obtid=52737,cityname=德令哈,lat=37.22,lon=97.23,height=2981.5
2025-12-23 17:02:27 provname=青海,obtid=52754,cityname=刚察,lat=37.2,lon=100.08,height=13301.5
2025-12-23 17:02:27 provname=青海,obtid=52765,cityname=门源,lat=37.23,lon=101.37,height=12850
2025-12-23 17:02:27 provname=青海,obtid=52818,cityname=格尔木,lat=36.25,lon=94.55,height=2807.6
2025-12-23 17:02:27 provname=青海,obtid=52825,cityname=诺木洪,lat=36.26,lon=96.26,height=2790.4
2025-12-23 17:02:27 provname=青海,obtid=52833,cityname=乌兰,lat=36.56,lon=98.29,height=12950
2025-12-23 17:02:27 provname=青海,obtid=52836,cityname=都兰,lat=36.18,lon=98.06,height=3189
2025-12-23 17:02:27 provname=青海,obtid=52842,cityname=茶卡,lat=36.47,lon=99.05,height=3087.6
2025-12-23 17:02:27 provname=青海,obtid=52856,cityname=共和,lat=36.16,lon=100.37,height=2835
2025-12-23 17:02:27 provname=青海,obtid=52866,cityname=西宁,lat=36.44,lon=101.45,height=2295.2
2025-12-23 17:02:27 provname=青海,obtid=52868,cityname=贵德,lat=36.01,lon=101.22,height=2273
2025-12-23 17:02:27 provname=青海,obtid=52876,cityname=民和,lat=36.2,lon=102.5,height=1813.9
2025-12-23 17:02:27 provname=青海,obtid=52908,cityname=五道梁,lat=35.13,lon=93.05,height=4612.2
2025-12-23 17:02:27 provname=青海,obtid=52943,cityname=兴海,lat=35.35,lon=99.59,height=3323.2
2025-12-23 17:02:27 provname=青海,obtid=52955,cityname=贵南,lat=35.35,lon=100.44,height=13120
2025-12-23 17:02:27 provname=青海,obtid=52974,cityname=同仁,lat=35.33,lon=102.02,height=2475
2025-12-23 17:02:27 provname=青海,obtid=56004,cityname=托托河,lat=34.13,lon=92.26,height=4533.1
2025-12-23 17:02:27 provname=青海,obtid=56018,cityname=杂多,lat=32.53,lon=95.17,height=4066.4
2025-12-23 17:02:27 provname=青海,obtid=56021,cityname=曲麻莱,lat=34.07,lon=95.48,height=4175
2025-12-23 17:02:27 provname=青海,obtid=56029,cityname=玉树,lat=33,lon=96.58,height=3716.9
2025-12-23 17:02:27 provname=青海,obtid=56033,cityname=玛多,lat=34.55,lon=98.13,height=4272.3
2025-12-23 17:02:27 provname=青海,obtid=56034,cityname=清水河,lat=33.48,lon=97.08,height=4415.4
2025-12-23 17:02:27 provname=青海,obtid=56043,cityname=玛沁,lat=34.29,lon=100.14,height=3719
2025-12-23 17:02:27 provname=青海,obtid=56046,cityname=达日,lat=33.45,lon=99.39,height=3967.5
2025-12-23 17:02:27 provname=青海,obtid=56065,cityname=河南,lat=34.44,lon=101.36,height=13500
2025-12-23 17:02:27 provname=青海,obtid=56067,cityname=久治,lat=33.26,lon=101.29,height=3628.5
2025-12-23 17:02:27 provname=青海,obtid=56125,cityname=囊谦,lat=32.12,lon=96.28,height=3643.7
2025-12-23 17:02:27 provname=青海,obtid=56151,cityname=班玛,lat=32.56,lon=100.45,height=13530
2025-12-23 17:02:27 provname=山东,obtid=54715,cityname=陵县,lat=37.19,lon=116.31,height=17.6
2025-12-23 17:02:27 provname=山东,obtid=54725,cityname=惠民,lat=37.3,lon=117.32,height=11.7
2025-12-23 17:02:27 provname=山东,obtid=54727,cityname=章丘,lat=36.41,lon=117.33,height=121.8
2025-12-23 17:02:27 provname=山东,obtid=54744,cityname=垦利,lat=37.35,lon=118.33,height=8.5
2025-12-23 17:02:27 provname=山东,obtid=54751,cityname=长岛,lat=37.56,lon=120.44,height=39.7
2025-12-23 17:02:27 provname=山东,obtid=54753,cityname=龙口,lat=37.38,lon=120.2,height=4.8
2025-12-23 17:02:27 provname=山东,obtid=54764,cityname=福山,lat=37.29,lon=121.14,height=53.9
2025-12-23 17:02:27 provname=山东,obtid=54774,cityname=威海,lat=37.28,lon=122.08,height=65.4
2025-12-23 17:02:27 provname=山东,obtid=54776,cityname=成山头,lat=37.24,lon=122.42,height=47.7
2025-12-23 17:02:27 provname=山东,obtid=54808,cityname=莘县,lat=36.14,lon=115.38,height=37.8
2025-12-23 17:02:27 provname=山东,obtid=54823,cityname=济南,lat=36.36,lon=117,height=170.3
2025-12-23 17:02:27 provname=山东,obtid=54826,cityname=泰山,lat=36.15,lon=117.06,height=1533.7
2025-12-23 17:02:27 provname=山东,obtid=54836,cityname=沂源,lat=36.11,lon=118.1,height=305.1
2025-12-23 17:02:27 provname=山东,obtid=54842,cityname=平度,lat=36.47,lon=120,height=62.2
2025-12-23 17:02:27 provname=山东,obtid=54843,cityname=潍坊,lat=36.45,lon=119.12,height=22.2
2025-12-23 17:02:27 provname=山东,obtid=54857,cityname=青岛,lat=36.04,lon=120.2,height=76
2025-12-23 17:02:27 provname=山东,obtid=54863,cityname=海阳,lat=36.47,lon=121.11,height=40.9
2025-12-23 17:02:27 provname=山东,obtid=54909,cityname=定陶,lat=35.05,lon=115.31,height=51.5
2025-12-23 17:02:27 provname=山东,obtid=54916,cityname=兖州,lat=35.34,lon=116.51,height=51.7
2025-12-23 17:02:27 provname=山东,obtid=54929,cityname=费县,lat=35.16,lon=117.58,height=121.2
2025-12-23 17:02:27 provname=山东,obtid=54936,cityname=莒县,lat=35.34,lon=118.5,height=107.4
2025-12-23 17:02:27 provname=山东,obtid=54945,cityname=日照,lat=35.28,lon=119.33,height=64.4
2025-12-23 17:02:27 provname=山东,obtid=58034,cityname=郯城,lat=34.36,lon=118.19,height=36.2
2025-12-23 17:02:27 provname=山西,obtid=53478,cityname=右玉,lat=40,lon=112.27,height=1345.8
2025-12-23 17:02:27 provname=山西,obtid=53487,cityname=大同,lat=40.05,lon=113.25,height=1052.6
2025-12-23 17:02:27 provname=山西,obtid=53490,cityname=天镇,lat=40.26,lon=114.03,height=1014.7
2025-12-23 17:02:27 provname=山西,obtid=53564,cityname=河曲,lat=39.22,lon=111.13,height=1036
2025-12-23 17:02:27 provname=山西,obtid=53578,cityname=朔州,lat=39.22,lon=112.26,height=1114.8
2025-12-23 17:02:27 provname=山西,obtid=53579,cityname=代县,lat=39.01,lon=112.54,height=859.7
2025-12-23 17:02:27 provname=山西,obtid=53588,cityname=五台山,lat=38.57,lon=113.31,height=2208.3
2025-12-23 17:02:27 provname=山西,obtid=53594,cityname=灵邱,lat=39.27,lon=114.11,height=938.7
2025-12-23 17:02:27 provname=山西,obtid=53663,cityname=五寨,lat=38.55,lon=111.49,height=1401
2025-12-23 17:02:27 provname=山西,obtid=53664,cityname=兴县,lat=38.28,lon=111.08,height=1012.6
2025-12-23 17:02:27 provname=山西,obtid=53673,cityname=原平,lat=38.44,lon=112.43,height=828.2
2025-12-23 17:02:27 provname=山西,obtid=53687,cityname=平定,lat=37.47,lon=113.38,height=753
2025-12-23 17:02:27 provname=山西,obtid=53764,cityname=离石,lat=37.3,lon=111.06,height=950.8
2025-12-23 17:02:27 provname=山西,obtid=53772,cityname=太原,lat=37.37,lon=112.35,height=776.3
2025-12-23 17:02:27 provname=山西,obtid=53775,cityname=太谷,lat=37.25,lon=112.36,height=785.8
2025-12-23 17:02:27 provname=山西,obtid=53787,cityname=榆社,lat=37.04,lon=112.59,height=1041.4
2025-12-23 17:02:27 provname=山西,obtid=53853,cityname=隰县,lat=36.42,lon=110.57,height=1052.7
2025-12-23 17:02:27 provname=山西,obtid=53859,cityname=吉县,lat=36.06,lon=110.4,height=851.3
2025-12-23 17:02:27 provname=山西,obtid=53863,cityname=介休,lat=37.04,lon=111.57,height=746
2025-12-23 17:02:27 provname=山西,obtid=53868,cityname=临汾,lat=36.04,lon=111.3,height=449.5
2025-12-23 17:02:27 provname=山西,obtid=53877,cityname=安泽,lat=36.1,lon=112.15,height=860.1
2025-12-23 17:02:27 provname=山西,obtid=53882,cityname=长治,lat=36.04,lon=113.02,height=1046.9
2025-12-23 17:02:27 provname=山西,obtid=53884,cityname=襄坦,lat=36.31,lon=113.02,height=877.9
2025-12-23 17:02:27 provname=山西,obtid=53959,cityname=运城,lat=35.07,lon=111.04,height=375
2025-12-23 17:02:27 provname=山西,obtid=53963,cityname=侯马,lat=35.39,lon=111.22,height=433.8
2025-12-23 17:02:27 provname=山西,obtid=53968,cityname=垣曲,lat=35.17,lon=111.4,height=505
2025-12-23 17:02:27 provname=山西,obtid=53975,cityname=阳城,lat=35.29,lon=112.24,height=659.5
2025-12-23 17:02:27 provname=山西,obtid=57052,cityname=永济,lat=34.53,lon=110.27,height=354.1
2025-12-23 17:02:27 provname=陕西,obtid=53646,cityname=榆林,lat=38.16,lon=109.47,height=1157
2025-12-23 17:02:27 provname=陕西,obtid=53651,cityname=神木,lat=38.49,lon=110.28,height=1098
2025-12-23 17:02:27 provname=陕西,obtid=53725,cityname=定边,lat=37.35,lon=107.35,height=1360.3
2025-12-23 17:02:27 provname=陕西,obtid=53735,cityname=靖边,lat=37.37,lon=108.48,height=1336.7
2025-12-23 17:02:27 provname=陕西,obtid=53738,cityname=吴旗,lat=36.55,lon=108.1,height=1331.4
2025-12-23 17:02:27 provname=陕西,obtid=53740,cityname=横山,lat=37.56,lon=109.14,height=1111
2025-12-23 17:02:27 provname=陕西,obtid=53754,cityname=绥德,lat=37.3,lon=110.13,height=929.7
2025-12-23 17:02:27 provname=陕西,obtid=53845,cityname=延安,lat=36.35,lon=109.27,height=1180.5
2025-12-23 17:02:27 provname=陕西,obtid=53854,cityname=延长,lat=36.35,lon=110.04,height=804.8
2025-12-23 17:02:27 provname=陕西,obtid=53929,cityname=长武,lat=35.12,lon=107.48,height=1206.5
2025-12-23 17:02:27 provname=陕西,obtid=53942,cityname=洛川,lat=35.46,lon=109.25,height=1155.9
2025-12-23 17:02:27 provname=陕西,obtid=53948,cityname=蒲城,lat=34.57,lon=109.35,height=499.2
2025-12-23 17:02:27 provname=陕西,obtid=53955,cityname=韩城,lat=35.28,lon=110.27,height=458.1
2025-12-23 17:02:27 provname=陕西,obtid=57003,cityname=陇县,lat=34.54,lon=106.5,height=924.2
2025-12-23 17:02:27 provname=陕西,obtid=57025,cityname=凤翔,lat=34.31,lon=107.23,height=781.1
2025-12-23 17:02:27 provname=陕西,obtid=57028,cityname=太白,lat=34.02,lon=107.19,height=1543.6
2025-12-23 17:02:27 provname=陕西,obtid=57030,cityname=永寿,lat=34.42,lon=108.09,height=994.6
2025-12-23 17:02:27 provname=陕西,obtid=57034,cityname=武功,lat=34.19,lon=108.14,height=471
2025-12-23 17:02:27 provname=陕西,obtid=57037,cityname=耀县,lat=34.56,lon=108.59,height=710
2025-12-23 17:02:27 provname=陕西,obtid=57046,cityname=华山,lat=34.29,lon=110.05,height=2064.9
2025-12-23 17:02:27 provname=陕西,obtid=57048,cityname=秦都,lat=34.24,lon=108.43,height=472.8
2025-12-23 17:02:27 provname=陕西,obtid=57049,cityname=华县,lat=34.31,lon=109.44,height=341.5
2025-12-23 17:02:27 provname=陕西,obtid=57106,cityname=略阳,lat=33.19,lon=106.09,height=794.2
2025-12-23 17:02:27 provname=陕西,obtid=57124,cityname=留坝,lat=33.38,lon=106.56,height=1032.1
2025-12-23 17:02:27 provname=陕西,obtid=57127,cityname=汉中,lat=33.04,lon=107.02,height=509.5
2025-12-23 17:02:27 provname=陕西,obtid=57131,cityname=泾河,lat=34.26,lon=108.58,height=410
2025-12-23 17:02:27 provname=陕西,obtid=57134,cityname=佛坪,lat=33.31,lon=107.59,height=827.2
2025-12-23 17:02:27 provname=陕西,obtid=57140,cityname=柞水,lat=33.4,lon=109.07,height=818.2
2025-12-23 17:02:27 provname=陕西,obtid=57143,cityname=商县,lat=33.52,lon=109.58,height=742.2
2025-12-23 17:02:27 provname=陕西,obtid=57144,cityname=镇安,lat=33.26,lon=109.09,height=693.7
2025-12-23 17:02:27 provname=陕西,obtid=57154,cityname=商南,lat=33.32,lon=110.54,height=523
2025-12-23 17:02:27 provname=陕西,obtid=57211,cityname=宁强,lat=32.5,lon=106.15,height=836.1
2025-12-23 17:02:27 provname=陕西,obtid=57232,cityname=石泉,lat=33.03,lon=108.16,height=484.9
2025-12-23 17:02:27 provname=陕西,obtid=57238,cityname=镇巴,lat=32.32,lon=107.54,height=693.9
2025-12-23 17:02:27 provname=陕西,obtid=57245,cityname=安康,lat=32.43,lon=109.02,height=290.8
2025-12-23 17:02:27 provname=陕西,obtid=57343,cityname=镇坪,lat=31.54,lon=109.32,height=995.8
2025-12-23 17:02:27 provname=上海,obtid=58362,cityname=宝山,lat=31.24,lon=121.27,height=5.5
2025-12-23 17:02:27 provname=四川,obtid=56038,cityname=石渠,lat=32.59,lon=98.06,height=14200
2025-12-23 17:02:27 provname=四川,obtid=56079,cityname=若尔盖,lat=33.35,lon=102.58,height=3441.4
2025-12-23 17:02:27 provname=四川,obtid=56144,cityname=德格,lat=31.48,lon=98.35,height=3184
2025-12-23 17:02:27 provname=四川,obtid=56146,cityname=甘孜,lat=31.37,lon=100,height=3393.5
2025-12-23 17:02:27 provname=四川,obtid=56152,cityname=色达,lat=32.17,lon=100.2,height=3893.9
2025-12-23 17:02:27 provname=四川,obtid=56167,cityname=道孚,lat=30.59,lon=101.07,height=2957.2
2025-12-23 17:02:27 provname=四川,obtid=56172,cityname=马尔康,lat=31.54,lon=102.14,height=2664.4
2025-12-23 17:02:27 provname=四川,obtid=56173,cityname=红原,lat=32.48,lon=102.33,height=3491.6
2025-12-23 17:02:27 provname=四川,obtid=56178,cityname=小金,lat=31,lon=102.21,height=2438
2025-12-23 17:02:27 provname=四川,obtid=56182,cityname=松潘,lat=32.4,lon=103.36,height=2881.3
2025-12-23 17:02:27 provname=四川,obtid=56187,cityname=温江,lat=30.45,lon=103.52,height=547.7
2025-12-23 17:02:27 provname=四川,obtid=56188,cityname=都江堰,lat=31,lon=103.4,height=698.5
2025-12-23 17:02:27 provname=四川,obtid=56196,cityname=绵阳,lat=31.27,lon=104.44,height=522.7
2025-12-23 17:02:27 provname=四川,obtid=56247,cityname=巴塘,lat=30,lon=99.06,height=2589.2
2025-12-23 17:02:27 provname=四川,obtid=56251,cityname=新龙,lat=30.56,lon=100.19,height=3000
2025-12-23 17:02:27 provname=四川,obtid=56257,cityname=理塘,lat=30,lon=100.16,height=3948.9
2025-12-23 17:02:27 provname=四川,obtid=56287,cityname=雅安,lat=29.59,lon=103,height=627.6
2025-12-23 17:02:27 provname=四川,obtid=56357,cityname=稻城,lat=29.03,lon=100.18,height=3727.7
2025-12-23 17:02:27 provname=四川,obtid=56374,cityname=康定,lat=30.03,lon=101.58,height=2615.7
2025-12-23 17:02:27 provname=四川,obtid=56385,cityname=峨眉山,lat=29.31,lon=103.2,height=3069.9
2025-12-23 17:02:27 provname=四川,obtid=56386,cityname=乐山,lat=29.34,lon=103.45,height=424.2
2025-12-23 17:02:27 provname=四川,obtid=56459,cityname=木里,lat=27.56,lon=101.16,height=2426.5
2025-12-23 17:02:27 provname=四川,obtid=56462,cityname=九龙,lat=29,lon=101.3,height=2925
2025-12-23 17:02:27 provname=四川,obtid=56475,cityname=越西,lat=28.39,lon=102.31,height=1659.5
2025-12-23 17:02:27 provname=四川,obtid=56479,cityname=昭觉,lat=28,lon=102.51,height=2132.4
2025-12-23 17:02:27 provname=四川,obtid=56485,cityname=雷波,lat=28.16,lon=103.35,height=1255.8
2025-12-23 17:02:27 provname=四川,obtid=56492,cityname=宜宾,lat=28.48,lon=104.36,height=340.8
2025-12-23 17:02:27 provname=四川,obtid=56565,cityname=盐源,lat=27.26,lon=101.31,height=2545
2025-12-23 17:02:27 provname=四川,obtid=56571,cityname=西昌,lat=27.54,lon=102.16,height=1590.9
2025-12-23 17:02:27 provname=四川,obtid=56666,cityname=攀枝花,lat=26.34,lon=101.43,height=1224.8
2025-12-23 17:02:27 provname=四川,obtid=56671,cityname=会理,lat=26.39,lon=102.15,height=1787.3
2025-12-23 17:02:27 provname=四川,obtid=57206,cityname=广元,lat=32.25,lon=105.54,height=545.4
2025-12-23 17:02:27 provname=四川,obtid=57237,cityname=万源,lat=32.04,lon=108.02,height=674
2025-12-23 17:02:27 provname=四川,obtid=57306,cityname=阆中,lat=31.35,lon=105.59,height=382.6
2025-12-23 17:02:27 provname=四川,obtid=57313,cityname=巴中,lat=31.52,lon=106.46,height=417.7
2025-12-23 17:02:27 provname=四川,obtid=57314,cityname=南部,lat=31.2,lon=106.03,height=405.7
2025-12-23 17:02:27 provname=四川,obtid=57328,cityname=达县,lat=31.12,lon=107.3,height=344.9
2025-12-23 17:02:27 provname=四川,obtid=57405,cityname=遂宁,lat=30.3,lon=105.33,height=355
2025-12-23 17:02:27 provname=四川,obtid=57411,cityname=高坪区,lat=30.44,lon=106.07,height=347
2025-12-23 17:02:27 provname=四川,obtid=57503,cityname=东兴区,lat=29.37,lon=105.07,height=349.7
2025-12-23 17:02:27 provname=四川,obtid=57604,cityname=纳溪,lat=28.47,lon=105.23,height=368.8
2025-12-23 17:02:27 provname=四川,obtid=57608,cityname=叙永,lat=28.1,lon=105.26,height=377.5
2025-12-23 17:02:27 provname=天津,obtid=54525,cityname=宝坻,lat=39.44,lon=117.17,height=5.1
2025-12-23 17:02:27 provname=天津,obtid=54527,cityname=天津,lat=39.05,lon=117.03,height=3.5
2025-12-23 17:02:27 provname=天津,obtid=54623,cityname=塘沽,lat=39.03,lon=117.43,height=4.8
2025-12-23 17:02:27 provname=西藏,obtid=55228,cityname=狮泉河,lat=32.3,lon=80.05,height=4278.6
2025-12-23 17:02:27 provname=西藏,obtid=55248,cityname=改则,lat=32.09,lon=84.25,height=4414.9
2025-12-23 17:02:27 provname=西藏,obtid=55279,cityname=班戈,lat=31.23,lon=90.01,height=14700
2025-12-23 17:02:27 provname=西藏,obtid=55294,cityname=安多,lat=32.21,lon=91.06,height=14800
2025-12-23 17:02:27 provname=西藏,obtid=55299,cityname=那曲,lat=31.29,lon=92.04,height=4507
2025-12-23 17:02:27 provname=西藏,obtid=55437,cityname=普兰,lat=30.17,lon=81.15,height=13900
2025-12-23 17:02:27 provname=西藏,obtid=55472,cityname=申扎,lat=30.57,lon=88.38,height=14672
2025-12-23 17:02:27 provname=西藏,obtid=55493,cityname=当雄,lat=30.29,lon=91.06,height=14200
2025-12-23 17:02:27 provname=西藏,obtid=55569,cityname=拉孜,lat=29.05,lon=87.36,height=14000
2025-12-23 17:02:27 provname=西藏,obtid=55578,cityname=日喀则,lat=29.15,lon=88.53,height=3836
2025-12-23 17:02:27 provname=西藏,obtid=55585,cityname=尼木,lat=29.26,lon=90.1,height=13809.4
2025-12-23 17:02:27 provname=西藏,obtid=55591,cityname=拉萨,lat=29.4,lon=91.08,height=3648.9
2025-12-23 17:02:27 provname=西藏,obtid=55598,cityname=泽当,lat=29.16,lon=91.46,height=3560
2025-12-23 17:02:27 provname=西藏,obtid=55655,cityname=聂拉木,lat=28.11,lon=85.58,height=13810
2025-12-23 17:02:27 provname=西藏,obtid=55664,cityname=定日,lat=28.38,lon=87.05,height=14300
2025-12-23 17:02:27 provname=西藏,obtid=55680,cityname=江孜,lat=28.55,lon=89.36,height=14040
2025-12-23 17:02:27 provname=西藏,obtid=55681,cityname=浪卡子,lat=28.58,lon=90.24,height=14431.7
2025-12-23 17:02:27 provname=西藏,obtid=55690,cityname=错那,lat=27.59,lon=91.57,height=14280
2025-12-23 17:02:27 provname=西藏,obtid=55696,cityname=隆子,lat=28.25,lon=92.28,height=13860
2025-12-23 17:02:27 provname=西藏,obtid=55773,cityname=帕里,lat=27.44,lon=89.05,height=14300
2025-12-23 17:02:27 provname=西藏,obtid=56106,cityname=索县,lat=31.53,lon=93.47,height=4022.8
2025-12-23 17:02:27 provname=西藏,obtid=56116,cityname=丁青,lat=31.25,lon=95.36,height=3873.1
2025-12-23 17:02:27 provname=西藏,obtid=56137,cityname=昌都,lat=31.09,lon=97.1,height=3315
2025-12-23 17:02:27 provname=西藏,obtid=56202,cityname=嘉黎,lat=30.4,lon=93.17,height=14488.8
2025-12-23 17:02:27 provname=西藏,obtid=56223,cityname=洛隆,lat=30.45,lon=95.5,height=13640
2025-12-23 17:02:27 provname=西藏,obtid=56227,cityname=波密,lat=29.52,lon=95.46,height=12736
2025-12-23 17:02:27 provname=西藏,obtid=56312,cityname=林芝,lat=29.4,lon=94.2,height=2991.8
2025-12-23 17:02:27 provname=西藏,obtid=56331,cityname=左贡,lat=29.4,lon=97.5,height=13780
2025-12-23 17:02:27 provname=西藏,obtid=56434,cityname=察隅,lat=28.39,lon=97.28,height=2327.6
2025-12-23 17:02:27 provname=新疆,obtid=51053,cityname=哈巴河,lat=48.03,lon=86.24,height=532.6
2025-12-23 17:02:27 provname=新疆,obtid=51059,cityname=吉木乃,lat=47.27,lon=85.53,height=968.2
2025-12-23 17:02:27 provname=新疆,obtid=51060,cityname=布尔津,lat=47.42,lon=86.52,height=473.9
2025-12-23 17:02:27 provname=新疆,obtid=51068,cityname=福海,lat=47.07,lon=87.29,height=497
2025-12-23 17:02:27 provname=新疆,obtid=51076,cityname=阿勒泰,lat=47.44,lon=88.05,height=735.3
2025-12-23 17:02:27 provname=新疆,obtid=51087,cityname=富蕴,lat=46.59,lon=89.31,height=807.5
2025-12-23 17:02:27 provname=新疆,obtid=51133,cityname=塔城,lat=46.44,lon=83,height=534.9
2025-12-23 17:02:27 provname=新疆,obtid=51156,cityname=和布克赛尔,lat=46.49,lon=85.45,height=1322.1
2025-12-23 17:02:27 provname=新疆,obtid=51186,cityname=青河,lat=46.4,lon=90.23,height=1218.2
2025-12-23 17:02:27 provname=新疆,obtid=51232,cityname=阿拉山口,lat=45.11,lon=82.34,height=336.1
2025-12-23 17:02:27 provname=新疆,obtid=51238,cityname=博乐,lat=44.54,lon=82.04,height=532.2
2025-12-23 17:02:27 provname=新疆,obtid=51241,cityname=托里,lat=45.56,lon=83.36,height=1094.2
2025-12-23 17:02:27 provname=新疆,obtid=51243,cityname=克拉玛依,lat=45.37,lon=84.51,height=450.3
2025-12-23 17:02:27 provname=新疆,obtid=51288,cityname=北塔山,lat=45.22,lon=90.32,height=1653.7
2025-12-23 17:02:27 provname=新疆,obtid=51330,cityname=温泉,lat=44.58,lon=81.01,height=1357.8
2025-12-23 17:02:27 provname=新疆,obtid=51334,cityname=精河,lat=44.34,lon=82.49,height=329.2
2025-12-23 17:02:27 provname=新疆,obtid=51346,cityname=乌苏,lat=44.26,lon=84.4,height=478.7
2025-12-23 17:02:27 provname=新疆,obtid=51358,cityname=乌兰乌苏,lat=44.17,lon=85.49,height=468.5
2025-12-23 17:02:27 provname=新疆,obtid=51365,cityname=蔡家湖,lat=44.12,lon=87.32,height=440.5
2025-12-23 17:02:27 provname=新疆,obtid=51367,cityname=呼图壁,lat=44.1,lon=86.51,height=575.1
2025-12-23 17:02:27 provname=新疆,obtid=51379,cityname=奇台,lat=44.01,lon=89.34,height=793.5
2025-12-23 17:02:27 provname=新疆,obtid=51431,cityname=伊宁,lat=43.57,lon=81.2,height=662.5
2025-12-23 17:02:27 provname=新疆,obtid=51433,cityname=尼勒克,lat=43.48,lon=82.31,height=1105.3
2025-12-23 17:02:27 provname=新疆,obtid=51437,cityname=昭苏,lat=43.09,lon=81.08,height=1851
2025-12-23 17:02:27 provname=新疆,obtid=51463,cityname=乌鲁木齐,lat=43.47,lon=87.39,height=935
2025-12-23 17:02:27 provname=新疆,obtid=51467,cityname=巴仑台,lat=42.46,lon=86.2,height=1732.4
2025-12-23 17:02:27 provname=新疆,obtid=51469,cityname=乌鲁木齐牧试站,lat=43.27,lon=87.11,height=1930
2025-12-23 17:02:27 provname=新疆,obtid=51470,cityname=天池,lat=43.53,lon=88.07,height=1942.5
2025-12-23 17:02:27 provname=新疆,obtid=51477,cityname=达坂城,lat=43.21,lon=88.19,height=1103.5
2025-12-23 17:02:27 provname=新疆,obtid=51495,cityname=十三间房,lat=43.13,lon=91.44,height=721.4
2025-12-23 17:02:27 provname=新疆,obtid=51526,cityname=库米什,lat=42.14,lon=88.13,height=922.4
2025-12-23 17:02:27 provname=新疆,obtid=51542,cityname=巴音布鲁克,lat=43.02,lon=84.09,height=2458
2025-12-23 17:02:27 provname=新疆,obtid=51567,cityname=焉耆,lat=42.05,lon=86.34,height=1055.3
2025-12-23 17:02:27 provname=新疆,obtid=51573,cityname=吐鲁番,lat=42.57,lon=89.14,height=39.3
2025-12-23 17:02:27 provname=新疆,obtid=51581,cityname=鄯善,lat=42.51,lon=90.14,height=398.6
2025-12-23 17:02:27 provname=新疆,obtid=51628,cityname=阿克苏,lat=41.07,lon=80.23,height=1107.1
2025-12-23 17:02:27 provname=新疆,obtid=51633,cityname=拜城,lat=41.47,lon=81.54,height=1229.2
2025-12-23 17:02:27 provname=新疆,obtid=51639,cityname=沙雅,lat=41.14,lon=82.47,height=980.4
2025-12-23 17:02:27 provname=新疆,obtid=51642,cityname=轮台,lat=41.49,lon=84.16,height=982
2025-12-23 17:02:27 provname=新疆,obtid=51644,cityname=库车,lat=41.43,lon=82.58,height=1081.9
2025-12-23 17:02:27 provname=新疆,obtid=51655,cityname=尉犁,lat=41.21,lon=86.16,height=884.9
2025-12-23 17:02:27 provname=新疆,obtid=51656,cityname=库尔勒,lat=41.44,lon=85.49,height=899.8
2025-12-23 17:02:27 provname=新疆,obtid=51701,cityname=吐尔尕特,lat=40.31,lon=75.24,height=3504.4
2025-12-23 17:02:27 provname=新疆,obtid=51704,cityname=阿图什,lat=39.43,lon=76.1,height=1298.7
2025-12-23 17:02:27 provname=新疆,obtid=51705,cityname=乌恰,lat=39.43,lon=75.15,height=2175.7
2025-12-23 17:02:27 provname=新疆,obtid=51709,cityname=喀什,lat=39.29,lon=75.45,height=1385.6
2025-12-23 17:02:27 provname=新疆,obtid=51711,cityname=阿合奇,lat=40.56,lon=78.27,height=1985.1
2025-12-23 17:02:27 provname=新疆,obtid=51716,cityname=巴楚,lat=39.48,lon=78.34,height=1116.5
2025-12-23 17:02:27 provname=新疆,obtid=51720,cityname=柯坪,lat=40.3,lon=79.03,height=1161.8
2025-12-23 17:02:27 provname=新疆,obtid=51730,cityname=阿拉尔,lat=40.33,lon=81.16,height=1012.2
2025-12-23 17:02:27 provname=新疆,obtid=51747,cityname=塔中,lat=39,lon=83.4,height=1099.3
2025-12-23 17:02:27 provname=新疆,obtid=51765,cityname=铁干里克,lat=40.38,lon=87.42,height=846
2025-12-23 17:02:27 provname=新疆,obtid=51777,cityname=若羌,lat=39.02,lon=88.1,height=887.7
2025-12-23 17:02:27 provname=新疆,obtid=51804,cityname=塔什库尔干,lat=37.46,lon=75.14,height=3090.1
2025-12-23 17:02:27 provname=新疆,obtid=51810,cityname=麦盖提,lat=38.55,lon=77.38,height=1178.2
2025-12-23 17:02:27 provname=新疆,obtid=51811,cityname=莎车,lat=38.26,lon=77.16,height=1231.2
2025-12-23 17:02:27 provname=新疆,obtid=51818,cityname=皮山,lat=37.37,lon=78.17,height=1375.4
2025-12-23 17:02:27 provname=新疆,obtid=51828,cityname=和田,lat=37.08,lon=79.56,height=1375
2025-12-23 17:02:27 provname=新疆,obtid=51839,cityname=民丰,lat=37.04,lon=82.43,height=1409.5
2025-12-23 17:02:27 provname=新疆,obtid=51855,cityname=且末,lat=38.09,lon=85.33,height=1247.2
2025-12-23 17:02:27 provname=新疆,obtid=51931,cityname=于田,lat=36.51,lon=81.39,height=1422
2025-12-23 17:02:27 provname=新疆,obtid=52101,cityname=巴里坤,lat=43.36,lon=93.03,height=1679.4
2025-12-23 17:02:27 provname=新疆,obtid=52112,cityname=淖毛湖,lat=43.45,lon=94.59,height=479
2025-12-23 17:02:27 provname=新疆,obtid=52118,cityname=伊吾,lat=43.16,lon=94.42,height=1728.6
2025-12-23 17:02:27 provname=新疆,obtid=52203,cityname=哈密,lat=42.49,lon=93.31,height=737.2
2025-12-23 17:02:27 provname=新疆,obtid=52313,cityname=红柳河,lat=41.32,lon=94.4,height=1573.8
2025-12-23 17:02:27 provname=云南,obtid=56444,cityname=德钦,lat=28.29,lon=98.55,height=3319
2025-12-23 17:02:27 provname=云南,obtid=56533,cityname=贡山,lat=27.45,lon=98.4,height=1583.3
2025-12-23 17:02:27 provname=云南,obtid=56543,cityname=香格里拉,lat=27.51,lon=99.45,height=3341.5
2025-12-23 17:02:27 provname=云南,obtid=56548,cityname=维西,lat=27.1,lon=99.17,height=2326.1
2025-12-23 17:02:27 provname=云南,obtid=56586,cityname=昭通昭阳,lat=27.21,lon=103.43,height=1949.5
2025-12-23 17:02:27 provname=云南,obtid=56643,cityname=六库,lat=25.52,lon=98.51,height=949.9
2025-12-23 17:02:27 provname=云南,obtid=56651,cityname=丽江,lat=26.51,lon=100.13,height=2380.9
2025-12-23 17:02:27 provname=云南,obtid=56664,cityname=华坪,lat=26.38,lon=101.16,height=1230.8
2025-12-23 17:02:27 provname=云南,obtid=56684,cityname=会泽,lat=26.24,lon=103.15,height=2188.3
2025-12-23 17:02:27 provname=云南,obtid=56739,cityname=腾冲,lat=24.59,lon=98.3,height=1695.9
2025-12-23 17:02:27 provname=云南,obtid=56748,cityname=保山隆阳,lat=25.07,lon=99.11,height=1652.2
2025-12-23 17:02:27 provname=云南,obtid=56751,cityname=大理,lat=25.42,lon=100.11,height=1990.5
2025-12-23 17:02:27 provname=云南,obtid=56763,cityname=元谋,lat=25.44,lon=101.52,height=1120.6
2025-12-23 17:02:27 provname=云南,obtid=56768,cityname=楚雄,lat=25.02,lon=101.33,height=1824.1
2025-12-23 17:02:27 provname=云南,obtid=56778,cityname=昆明,lat=25,lon=102.39,height=1888.1
2025-12-23 17:02:27 provname=云南,obtid=56786,cityname=沾益,lat=25.35,lon=103.5,height=1898.7
2025-12-23 17:02:27 provname=云南,obtid=56838,cityname=瑞丽,lat=24,lon=97.51,height=762.9
2025-12-23 17:02:27 provname=云南,obtid=56856,cityname=景东,lat=24.28,lon=100.52,height=1162.3
2025-12-23 17:02:27 provname=云南,obtid=56872,cityname=太华山,lat=24.57,lon=102.37,height=2358.3
2025-12-23 17:02:27 provname=云南,obtid=56875,cityname=玉溪红塔,lat=24.2,lon=102.33,height=1716.9
2025-12-23 17:02:27 provname=云南,obtid=56886,cityname=泸西,lat=24.32,lon=103.46,height=1704.3
2025-12-23 17:02:27 provname=云南,obtid=56946,cityname=耿马,lat=23.33,lon=99.24,height=1104.9
2025-12-23 17:02:27 provname=云南,obtid=56950,cityname=双江,lat=23.28,lon=99.48,height=1044.1
2025-12-23 17:02:27 provname=云南,obtid=56951,cityname=临沧,lat=23.53,lon=100.05,height=1502.4
2025-12-23 17:02:27 provname=云南,obtid=56954,cityname=澜沧,lat=22.34,lon=99.56,height=1054.8
2025-12-23 17:02:27 provname=云南,obtid=56959,cityname=景洪,lat=22,lon=100.47,height=582
2025-12-23 17:02:27 provname=云南,obtid=56964,cityname=思茅,lat=22.47,lon=100.58,height=1302.1
2025-12-23 17:02:27 provname=云南,obtid=56966,cityname=元江,lat=23.36,lon=101.59,height=400.9
2025-12-23 17:02:27 provname=云南,obtid=56969,cityname=勐腊,lat=21.28,lon=101.34,height=633.4
2025-12-23 17:02:27 provname=云南,obtid=56977,cityname=江城,lat=22.35,lon=101.51,height=1120.5
2025-12-23 17:02:27 provname=云南,obtid=56985,cityname=蒙自,lat=23.26,lon=103.19,height=1313.6
2025-12-23 17:02:27 provname=云南,obtid=56986,cityname=屏边,lat=22.59,lon=103.41,height=1414.1
2025-12-23 17:02:27 provname=云南,obtid=56991,cityname=砚山,lat=23.37,lon=104.2,height=1561.1
2025-12-23 17:02:27 provname=云南,obtid=59007,cityname=广南,lat=24.04,lon=105.04,height=1249.6
2025-12-23 17:02:27 provname=浙江,obtid=58448,cityname=临安,lat=30.13,lon=119.42,height=117.6
2025-12-23 17:02:27 provname=浙江,obtid=58450,cityname=湖州,lat=30.52,lon=120.03,height=7.4
2025-12-23 17:02:27 provname=浙江,obtid=58457,cityname=杭州,lat=30.14,lon=120.1,height=41.7
2025-12-23 17:02:27 provname=浙江,obtid=58464,cityname=平湖,lat=30.39,lon=121.07,height=4
2025-12-23 17:02:27 provname=浙江,obtid=58467,cityname=慈溪,lat=30.12,lon=121.16,height=4.5
2025-12-23 17:02:27 provname=浙江,obtid=58472,cityname=嵊泗,lat=30.44,lon=122.27,height=79.6
2025-12-23 17:02:27 provname=浙江,obtid=58477,cityname=定海,lat=30.02,lon=122.06,height=35.7
2025-12-23 17:02:27 provname=浙江,obtid=58543,cityname=淳安,lat=29.37,lon=119.01,height=171.4
2025-12-23 17:02:27 provname=浙江,obtid=58549,cityname=金华,lat=29.07,lon=119.39,height=62.6
2025-12-23 17:02:27 provname=浙江,obtid=58553,cityname=上虞,lat=30.03,lon=120.49,height=6.4
2025-12-23 17:02:27 provname=浙江,obtid=58556,cityname=嵊州,lat=29.36,lon=120.49,height=104.3
2025-12-23 17:02:27 provname=浙江,obtid=58557,cityname=义乌,lat=29.2,lon=120.05,height=90
2025-12-23 17:02:27 provname=浙江,obtid=58562,cityname=鄞县,lat=29.48,lon=121.3,height=6.2
2025-12-23 17:02:27 provname=浙江,obtid=58569,cityname=石浦,lat=29.12,lon=121.57,height=128.4
2025-12-23 17:02:27 provname=浙江,obtid=58633,cityname=衢州,lat=29,lon=118.54,height=82.4
2025-12-23 17:02:27 provname=浙江,obtid=58646,cityname=丽水,lat=28.28,lon=119.56,height=59.7
2025-12-23 17:02:27 provname=浙江,obtid=58652,cityname=仙居,lat=28.52,lon=120.43,height=83
2025-12-23 17:02:27 provname=浙江,obtid=58665,cityname=洪家,lat=28.37,lon=121.25,height=4.6
2025-12-23 17:02:27 provname=浙江,obtid=58666,cityname=大陈,lat=28.27,lon=121.54,height=86.2
2025-12-23 17:02:27 provname=浙江,obtid=58667,cityname=玉环,lat=28.05,lon=121.16,height=95.9
2025-12-23 17:02:27 provname=浙江,obtid=58742,cityname=云和,lat=28.06,lon=119.34,height=163
2025-12-23 17:02:27 provname=浙江,obtid=58752,cityname=瑞安,lat=27.47,lon=120.39,height=39.7
2025-12-23 17:02:27 provname=浙江,obtid=58760,cityname=洞头,lat=27.5,lon=121.09,height=68.6
2025-12-23 17:02:27 provname=重庆,obtid=57348,cityname=奉节,lat=31.01,lon=109.32,height=299.8
2025-12-23 17:02:27 provname=重庆,obtid=57426,cityname=梁平,lat=30.41,lon=107.48,height=454.5
2025-12-23 17:02:27 provname=重庆,obtid=57432,cityname=万州,lat=30.46,lon=108.24,height=186.7
2025-12-23 17:02:27 provname=重庆,obtid=57502,cityname=大足,lat=29.42,lon=105.42,height=394.7
2025-12-23 17:02:27 provname=重庆,obtid=57512,cityname=合川,lat=29.58,lon=106.16,height=364.5
2025-12-23 17:02:27 provname=重庆,obtid=57516,cityname=沙坪坝,lat=29.35,lon=106.28,height=259.1
2025-12-23 17:02:27 provname=重庆,obtid=57517,cityname=江津,lat=29.17,lon=106.15,height=261.4
2025-12-23 17:02:27 provname=重庆,obtid= 5752,cityname=长寿,lat=29.5,lon=107.04,height=377.6
2025-12-23 17:02:27 provname=重庆,obtid=57523,cityname=丰都,lat=29.51,lon=107.44,height=290.5
2025-12-23 17:02:27 provname=重庆,obtid=57536,cityname=黔江,lat=29.31,lon=108.46,height=786.9
2025-12-23 17:02:27 provname=重庆,obtid=57612,cityname=綦江,lat=29,lon=106.39,height=474.7
2025-12-23 17:02:27 provname=重庆,obtid=57633,cityname=酉阳,lat=28.47,lon=108.48,height=419.3
2025-12-23 17:02:27 总记录数=839，插入=839，更新=0，耗时=0.17秒。
2025-12-26 16:14:18 connect database(idc/idcpwd@snorcl11g_5) ok.
2025-12-26 16:14:19 总记录数=839，插入=0，更新=839，耗时=0.49秒。
